match_id,date,team1,team2,team1_sets,team2_sets,winner
2025-10-02_pCto2hNE_xKjcGtha,2025-10-02,gebze-pCto2hNE,spor-toto-xKjcGtha,3,0,gebze-pCto2hNE
2025-10-03_K85RJEn0_OSDwWRtI,2025-10-03,novyi-urengoy-K85RJEn0,mgtu-moscow-OSDwWRtI,2,3,mgtu-moscow-OSDwWRtI
2025-10-03_KEpRN78b_hC0jKP7N,2025-10-03,surgut-region-KEpRN78b,nova-novokuybyshevsk-hC0jKP7N,3,1,surgut-region-KEpRN78b
2025-10-03_bw6M1XcM_80aPt1Vn,2025-10-03,gorky-n-novgorod-bw6M1XcM,neftjanik-orenburg-80aPt1Vn,1,3,neftjanik-orenburg-80aPt1Vn
2025-10-03_63ZVqQDr_xKjcGtha,2025-10-03,alanya-bld-63ZVqQDr,spor-toto-xKjcGtha,3,2,alanya-bld-63ZVqQDr
2025-10-03_nibTuLpg_2wzWMRN4,2025-10-03,enisey-krasnoyarsk-nibTuLpg,yaroslavl-2wzWMRN4,2,3,yaroslavl-2wzWMRN4
2025-10-04_KEpRN78b_OSDwWRtI,2025-10-04,surgut-region-KEpRN78b,mgtu-moscow-OSDwWRtI,3,2,surgut-region-KEpRN78b
2025-10-04_hC0jKP7N_K85RJEn0,2025-10-04,nova-novokuybyshevsk-hC0jKP7N,novyi-urengoy-K85RJEn0,1,3,novyi-urengoy-K85RJEn0
2025-10-04_bw6M1XcM_2wzWMRN4,2025-10-04,gorky-n-novgorod-bw6M1XcM,yaroslavl-2wzWMRN4,3,1,gorky-n-novgorod-bw6M1XcM
2025-10-04_80aPt1Vn_nibTuLpg,2025-10-04,neftjanik-orenburg-80aPt1Vn,enisey-krasnoyarsk-nibTuLpg,0,3,enisey-krasnoyarsk-nibTuLpg
2025-10-05_2wzWMRN4_80aPt1Vn,2025-10-05,yaroslavl-2wzWMRN4,neftjanik-orenburg-80aPt1Vn,3,1,yaroslavl-2wzWMRN4
2025-10-05_K85RJEn0_KEpRN78b,2025-10-05,novyi-urengoy-K85RJEn0,surgut-region-KEpRN78b,3,2,novyi-urengoy-K85RJEn0
2025-10-05_OSDwWRtI_hC0jKP7N,2025-10-05,mgtu-moscow-OSDwWRtI,nova-novokuybyshevsk-hC0jKP7N,0,3,nova-novokuybyshevsk-hC0jKP7N
2025-10-05_nibTuLpg_bw6M1XcM,2025-10-05,enisey-krasnoyarsk-nibTuLpg,gorky-n-novgorod-bw6M1XcM,3,1,enisey-krasnoyarsk-nibTuLpg
2025-10-09_IgKl2cpn_xKjcGtha,2025-10-09,fenerbahce-IgKl2cpn,spor-toto-xKjcGtha,3,1,fenerbahce-IgKl2cpn
2025-10-09_fuJ9F075_j7Id0yFb,2025-10-09,halkbank-fuJ9F075,ziraat-bankasi-j7Id0yFb,1,3,ziraat-bankasi-j7Id0yFb
2025-10-10_Qu1Ot9Fo_fLhuwREA,2025-10-10,friedrichshafen-Qu1Ot9Fo,duren-fLhuwREA,3,1,friedrichshafen-Qu1Ot9Fo
2025-10-10_8pWgkzcP_O2FjXreG,2025-10-10,luneburg-8pWgkzcP,freiburg-O2FjXreG,3,1,luneburg-8pWgkzcP
2025-10-10_p4s7hUbp_vgw8MODe,2025-10-10,tsv-giesen-grizzlys-p4s7hUbp,herrsching-vgw8MODe,1,3,herrsching-vgw8MODe
2025-10-10_nekXvmpb_0bgyv7a4,2025-10-10,scc-berlin-nekXvmpb,netzhoppers-0bgyv7a4,3,0,scc-berlin-nekXvmpb
2025-10-11_WhuLLKZT_QHGgYVPI,2025-10-11,zawiercie-WhuLLKZT,ach-volley-ljubljana-QHGgYVPI,1,3,ach-volley-ljubljana-QHGgYVPI
2025-10-11_Kv7iGxys_lWD9RIPD,2025-10-11,lublin-Kv7iGxys,jastrzebski-lWD9RIPD,3,2,lublin-Kv7iGxys
2025-10-11_Qu1Ot9Fo_8pWgkzcP,2025-10-11,friedrichshafen-Qu1Ot9Fo,luneburg-8pWgkzcP,0,3,luneburg-8pWgkzcP
2025-10-11_KEpRN78b_K85RJEn0,2025-10-11,surgut-region-KEpRN78b,novyi-urengoy-K85RJEn0,3,2,surgut-region-KEpRN78b
2025-10-11_0bgyv7a4_p4s7hUbp,2025-10-11,netzhoppers-0bgyv7a4,tsv-giesen-grizzlys-p4s7hUbp,3,2,netzhoppers-0bgyv7a4
2025-10-11_fLhuwREA_O2FjXreG,2025-10-11,duren-fLhuwREA,freiburg-O2FjXreG,3,0,duren-fLhuwREA
2025-10-11_Ao2IPdfQ_nLrfnIpa,2025-10-11,trefl-gdansk-Ao2IPdfQ,galatasaray-nLrfnIpa,1,3,galatasaray-nLrfnIpa
2025-10-11_zav73FX6_A7seqaBP,2025-10-11,projekt-warszawa-zav73FX6,cisterna-A7seqaBP,3,0,projekt-warszawa-zav73FX6
2025-10-11_nekXvmpb_vgw8MODe,2025-10-11,scc-berlin-nekXvmpb,herrsching-vgw8MODe,3,0,scc-berlin-nekXvmpb
2025-10-12_fLhuwREA_0bgyv7a4,2025-10-12,duren-fLhuwREA,netzhoppers-0bgyv7a4,3,1,duren-fLhuwREA
2025-10-12_8pWgkzcP_nekXvmpb,2025-10-12,luneburg-8pWgkzcP,scc-berlin-nekXvmpb,1,3,scc-berlin-nekXvmpb
2025-10-12_QHGgYVPI_nLrfnIpa,2025-10-12,ach-volley-ljubljana-QHGgYVPI,galatasaray-nLrfnIpa,3,0,ach-volley-ljubljana-QHGgYVPI
2025-10-12_lWD9RIPD_A7seqaBP,2025-10-12,jastrzebski-lWD9RIPD,cisterna-A7seqaBP,2,3,cisterna-A7seqaBP
2025-10-12_Qu1Ot9Fo_vgw8MODe,2025-10-12,friedrichshafen-Qu1Ot9Fo,herrsching-vgw8MODe,3,1,friedrichshafen-Qu1Ot9Fo
2025-10-12_WhuLLKZT_Ao2IPdfQ,2025-10-12,zawiercie-WhuLLKZT,trefl-gdansk-Ao2IPdfQ,3,1,zawiercie-WhuLLKZT
2025-10-12_Kv7iGxys_zav73FX6,2025-10-12,lublin-Kv7iGxys,projekt-warszawa-zav73FX6,3,2,lublin-Kv7iGxys
2025-10-12_O2FjXreG_p4s7hUbp,2025-10-12,freiburg-O2FjXreG,tsv-giesen-grizzlys-p4s7hUbp,3,2,freiburg-O2FjXreG
2025-10-14_nibTuLpg_4pLOGc4q,2025-10-14,enisey-krasnoyarsk-nibTuLpg,cska-moscow-4pLOGc4q,3,0,enisey-krasnoyarsk-nibTuLpg
2025-10-15_K85RJEn0_KEpRN78b,2025-10-15,novyi-urengoy-K85RJEn0,surgut-region-KEpRN78b,3,0,novyi-urengoy-K85RJEn0
2025-10-15_nibTuLpg_4pLOGc4q,2025-10-15,enisey-krasnoyarsk-nibTuLpg,cska-moscow-4pLOGc4q,3,0,enisey-krasnoyarsk-nibTuLpg
2025-10-18_hC0jKP7N_80aPt1Vn,2025-10-18,nova-novokuybyshevsk-hC0jKP7N,neftjanik-orenburg-80aPt1Vn,3,1,nova-novokuybyshevsk-hC0jKP7N
2025-10-18_hbFonVBi_tOoNOmgh,2025-10-18,kemerovo-hbFonVBi,novosibirsk-tOoNOmgh,0,3,novosibirsk-tOoNOmgh
2025-10-18_K85RJEn0_MB7pnxoH,2025-10-18,novyi-urengoy-K85RJEn0,dinamo-lo-MB7pnxoH,2,3,dinamo-lo-MB7pnxoH
2025-10-18_nekXvmpb_n7gpLG2s,2025-10-18,scc-berlin-nekXvmpb,kedzierzyn-kozle-n7gpLG2s,2,3,kedzierzyn-kozle-n7gpLG2s
2025-10-18_WhuLLKZT_SMCDQxuK,2025-10-18,zawiercie-WhuLLKZT,belchatow-SMCDQxuK,3,2,zawiercie-WhuLLKZT
2025-10-19_ba4VIY16_j7MxHCWI,2025-10-19,din-moscow-ba4VIY16,zenit-kazan-j7MxHCWI,0,3,zenit-kazan-j7MxHCWI
2025-10-19_OSDwWRtI_S0nUsKBh,2025-10-19,mgtu-moscow-OSDwWRtI,zenit-st-petersburg-S0nUsKBh,0,3,zenit-st-petersburg-S0nUsKBh
2025-10-19_2wzWMRN4_YgncOTwn,2025-10-19,yaroslavl-2wzWMRN4,ufa-YgncOTwn,3,2,yaroslavl-2wzWMRN4
2025-10-19_dhVmA0z9_byQlmwTe,2025-10-19,sada-cruzeiro-dhVmA0z9,minas-tenis-clube-byQlmwTe,3,0,sada-cruzeiro-dhVmA0z9
2025-10-19_nibTuLpg_KEpRN78b,2025-10-19,enisey-krasnoyarsk-nibTuLpg,surgut-region-KEpRN78b,3,0,enisey-krasnoyarsk-nibTuLpg
2025-10-19_bw6M1XcM_f3mgP9Ou,2025-10-19,gorky-n-novgorod-bw6M1XcM,belgorod-f3mgP9Ou,3,2,gorky-n-novgorod-bw6M1XcM
2025-10-19_SMCDQxuK_nekXvmpb,2025-10-19,belchatow-SMCDQxuK,scc-berlin-nekXvmpb,3,0,belchatow-SMCDQxuK
2025-10-19_WhuLLKZT_n7gpLG2s,2025-10-19,zawiercie-WhuLLKZT,kedzierzyn-kozle-n7gpLG2s,2,3,kedzierzyn-kozle-n7gpLG2s
2025-10-20_2qsyTQW9_6upmQkon,2025-10-20,milano-2qsyTQW9,modena-6upmQkon,3,2,milano-2qsyTQW9
2025-10-20_Kfbd7lGB_KCDVlA71,2025-10-20,padova-Kfbd7lGB,cuneo-volley-KCDVlA71,3,2,padova-Kfbd7lGB
2025-10-20_Ao2IPdfQ_jm1YCctT,2025-10-20,trefl-gdansk-Ao2IPdfQ,barkom-jm1YCctT,3,2,trefl-gdansk-Ao2IPdfQ
2025-10-20_xKjcGtha_n5HM8Usr,2025-10-20,spor-toto-xKjcGtha,akkus-bld-n5HM8Usr,3,0,spor-toto-xKjcGtha
2025-10-20_hxtqRVVu_nNpxlbKs,2025-10-20,lube-civitanova-hxtqRVVu,grottazzolina-nNpxlbKs,3,1,lube-civitanova-hxtqRVVu
2025-10-20_6katO8rK_WE61m6AE,2025-10-20,istanbul-gsk-6katO8rK,bursa-WE61m6AE,3,2,istanbul-gsk-6katO8rK
2025-10-20_OdjU5n0U_IXfYN7pB,2025-10-20,verona-OdjU5n0U,piacenza-IXfYN7pB,3,1,verona-OdjU5n0U
2025-10-21_vgw8MODe_YDMwzoBc,2025-10-21,herrsching-vgw8MODe,dachau-YDMwzoBc,3,0,herrsching-vgw8MODe
2025-10-21_O4MYx0BC_lhL6wFCl,2025-10-21,nice-O4MYx0BC,tourcoing-lhL6wFCl,2,3,tourcoing-lhL6wFCl
2025-10-21_A7seqaBP_CffxNRaH,2025-10-21,cisterna-A7seqaBP,trentino-CffxNRaH,0,3,trentino-CffxNRaH
2025-10-21_fq1HkrTS_K66Eh4bG,2025-10-21,montpellier-fq1HkrTS,cannes-K66Eh4bG,3,1,montpellier-fq1HkrTS
2025-10-21_G06DuLNr_hb1Yps0L,2025-10-21,chaumont-G06DuLNr,plessis-robinson-hb1Yps0L,1,3,plessis-robinson-hb1Yps0L
2025-10-21_vgreOTFb_EJS1lfOD,2025-10-21,monza-vgreOTFb,safety-perugia-EJS1lfOD,1,3,safety-perugia-EJS1lfOD
2025-10-21_2kggPBWE_21Os7cYs,2025-10-21,slepsk-suwalki-2kggPBWE,rzeszow-21Os7cYs,1,3,rzeszow-21Os7cYs
2025-10-21_tAfYiVn1_8pWgkzcP,2025-10-21,ludwigsburg-tAfYiVn1,luneburg-8pWgkzcP,2,3,luneburg-8pWgkzcP
2025-10-21_0bgyv7a4_fLhuwREA,2025-10-21,netzhoppers-0bgyv7a4,duren-fLhuwREA,0,3,duren-fLhuwREA
2025-10-21_nekXvmpb_Qu1Ot9Fo,2025-10-21,scc-berlin-nekXvmpb,friedrichshafen-Qu1Ot9Fo,0,3,friedrichshafen-Qu1Ot9Fo
2025-10-21_zav73FX6_Um4hyFKf,2025-10-21,projekt-warszawa-zav73FX6,chks-chelm-Um4hyFKf,3,0,projekt-warszawa-zav73FX6
2025-10-21_j7Id0yFb_IgKl2cpn,2025-10-21,ziraat-bankasi-j7Id0yFb,fenerbahce-IgKl2cpn,3,1,ziraat-bankasi-j7Id0yFb
2025-10-21_dhVmA0z9_fsTxZQzt,2025-10-21,sada-cruzeiro-dhVmA0z9,jf-volei-fsTxZQzt,3,1,sada-cruzeiro-dhVmA0z9
2025-10-21_CGJh1Hah_fuJ9F075,2025-10-21,istanbul-bb-CGJh1Hah,halkbank-fuJ9F075,3,0,istanbul-bb-CGJh1Hah
2025-10-21_pCto2hNE_xKjcGtha,2025-10-21,gebze-pCto2hNE,spor-toto-xKjcGtha,0,3,spor-toto-xKjcGtha
2025-10-21_KloOcygm_6katO8rK,2025-10-21,gaziantep-genclik-KloOcygm,istanbul-gsk-6katO8rK,0,3,istanbul-gsk-6katO8rK
2025-10-21_WGABxZRf_SxTPvMt0,2025-10-21,tours-WGABxZRf,ajaccio-SxTPvMt0,3,0,tours-WGABxZRf
2025-10-22_tOoNOmgh_YgncOTwn,2025-10-22,novosibirsk-tOoNOmgh,ufa-YgncOTwn,3,1,novosibirsk-tOoNOmgh
2025-10-22_6qoPxMTP_tOgUx7xD,2025-10-22,achel-6qoPxMTP,guibertin-tOgUx7xD,3,0,achel-6qoPxMTP
2025-10-22_n5HM8Usr_pCto2hNE,2025-10-22,akkus-bld-n5HM8Usr,gebze-pCto2hNE,3,0,akkus-bld-n5HM8Usr
2025-10-22_nLjMYaqj_hESei7a0,2025-10-22,lindemans-aalst-nLjMYaqj,haasrode-leuven-hESei7a0,0,3,haasrode-leuven-hESei7a0
2025-10-22_Gt32HqU2_O2FjXreG,2025-10-22,karlsruhe-Gt32HqU2,freiburg-O2FjXreG,0,3,freiburg-O2FjXreG
2025-10-22_pAof6Hml_lWD9RIPD,2025-10-22,olsztyn-pAof6Hml,jastrzebski-lWD9RIPD,2,3,jastrzebski-lWD9RIPD
2025-10-22_ING9tghN_p4s7hUbp,2025-10-22,mitteldeutschland-ING9tghN,tsv-giesen-grizzlys-p4s7hUbp,0,3,tsv-giesen-grizzlys-p4s7hUbp
2025-10-22_WE61m6AE_KloOcygm,2025-10-22,bursa-WE61m6AE,gaziantep-genclik-KloOcygm,1,3,gaziantep-genclik-KloOcygm
2025-10-22_K85RJEn0_hC0jKP7N,2025-10-22,novyi-urengoy-K85RJEn0,nova-novokuybyshevsk-hC0jKP7N,1,3,nova-novokuybyshevsk-hC0jKP7N
2025-10-22_CWJyenai_fLhuwREA,2025-10-22,vco-berlin-CWJyenai,duren-fLhuwREA,0,3,duren-fLhuwREA
2025-10-22_EuwcJPKB_Kv7iGxys,2025-10-22,norwid-czestochowa-EuwcJPKB,lublin-Kv7iGxys,0,3,lublin-Kv7iGxys
2025-10-22_S0nUsKBh_MB7pnxoH,2025-10-22,zenit-st-petersburg-S0nUsKBh,dinamo-lo-MB7pnxoH,3,0,zenit-st-petersburg-S0nUsKBh
2025-10-22_0xhxfTGD_IVLyj26M,2025-10-22,waremme-0xhxfTGD,roeselare-IVLyj26M,0,3,roeselare-IVLyj26M
2025-10-23_fwN0pTnE_2PiJkt1T,2025-10-23,san-lorenzo-de-almagro-fwN0pTnE,monteros-2PiJkt1T,3,1,san-lorenzo-de-almagro-fwN0pTnE
2025-10-23_p298ASFI_xfxfdEus,2025-10-23,suzano-volei-p298ASFI,sao-jose-dos-campos-xfxfdEus,3,0,suzano-volei-p298ASFI
2025-10-23_0pxnGFZT_byQlmwTe,2025-10-23,guarulhos-0pxnGFZT,minas-tenis-clube-byQlmwTe,3,2,guarulhos-0pxnGFZT
2025-10-23_f3mgP9Ou_nibTuLpg,2025-10-23,belgorod-f3mgP9Ou,enisey-krasnoyarsk-nibTuLpg,3,2,belgorod-f3mgP9Ou
2025-10-23_hbFonVBi_OSDwWRtI,2025-10-23,kemerovo-hbFonVBi,mgtu-moscow-OSDwWRtI,3,0,kemerovo-hbFonVBi
2025-10-23_KEpRN78b_2wzWMRN4,2025-10-23,surgut-region-KEpRN78b,yaroslavl-2wzWMRN4,0,3,yaroslavl-2wzWMRN4
2025-10-23_j7MxHCWI_bw6M1XcM,2025-10-23,zenit-kazan-j7MxHCWI,gorky-n-novgorod-bw6M1XcM,3,1,zenit-kazan-j7MxHCWI
2025-10-23_WEyEpt6d_fq1HkrTS,2025-10-23,poitiers-WEyEpt6d,montpellier-fq1HkrTS,0,3,montpellier-fq1HkrTS
2025-10-23_dxBuFAus_lSPIzHQL,2025-10-23,sesi-sp-dxBuFAus,joinville-lSPIzHQL,3,0,sesi-sp-dxBuFAus
2025-10-24_QqMi2DVn_jgKi0Llj,2025-10-24,volei-renata-QqMi2DVn,monte-carmelo-jgKi0Llj,3,0,volei-renata-QqMi2DVn
2025-10-24_fLhuwREA_nekXvmpb,2025-10-24,duren-fLhuwREA,scc-berlin-nekXvmpb,3,2,duren-fLhuwREA
2025-10-24_2PiJkt1T_bLGPsNgP,2025-10-24,monteros-2PiJkt1T,tucuman-de-gimnasia-bLGPsNgP,2,3,tucuman-de-gimnasia-bLGPsNgP
2025-10-24_WMOb4cbO_bLGPsNgP,2025-10-24,ciudad-buenos-aires-WMOb4cbO,tucuman-de-gimnasia-bLGPsNgP,3,1,ciudad-buenos-aires-WMOb4cbO
2025-10-24_O2FjXreG_tAfYiVn1,2025-10-24,freiburg-O2FjXreG,ludwigsburg-tAfYiVn1,0,3,ludwigsburg-tAfYiVn1
2025-10-24_lhL6wFCl_hOxAoMjj,2025-10-24,tourcoing-lhL6wFCl,paris-hOxAoMjj,3,0,tourcoing-lhL6wFCl
2025-10-24_ba4VIY16_80aPt1Vn,2025-10-24,din-moscow-ba4VIY16,neftjanik-orenburg-80aPt1Vn,3,0,din-moscow-ba4VIY16
2025-10-24_pp1TByGo_6qoPxMTP,2025-10-24,gent-pp1TByGo,achel-6qoPxMTP,0,3,achel-6qoPxMTP
2025-10-24_lY4LB6zN_SO3PAQkT,2025-10-24,osaka-bluteon-lY4LB6zN,suntory-sunbirds-SO3PAQkT,3,1,osaka-bluteon-lY4LB6zN
2025-10-24_8d2aS61N_UBvJOjmK,2025-10-24,goias-8d2aS61N,praia-clube-UBvJOjmK,1,3,praia-clube-UBvJOjmK
2025-10-25_8pWgkzcP_ING9tghN,2025-10-25,luneburg-8pWgkzcP,mitteldeutschland-ING9tghN,3,0,luneburg-8pWgkzcP
2025-10-25_Kv7iGxys_n7gpLG2s,2025-10-25,lublin-Kv7iGxys,kedzierzyn-kozle-n7gpLG2s,3,2,lublin-Kv7iGxys
2025-10-25_SMCDQxuK_pAof6Hml,2025-10-25,belchatow-SMCDQxuK,olsztyn-pAof6Hml,2,3,olsztyn-pAof6Hml
2025-10-25_hbFonVBi_MB7pnxoH,2025-10-25,kemerovo-hbFonVBi,dinamo-lo-MB7pnxoH,1,3,dinamo-lo-MB7pnxoH
2025-10-25_j7Id0yFb_IgKl2cpn,2025-10-25,ziraat-bankasi-j7Id0yFb,fenerbahce-IgKl2cpn,3,0,ziraat-bankasi-j7Id0yFb
2025-10-25_WhuLLKZT_zav73FX6,2025-10-25,zawiercie-WhuLLKZT,projekt-warszawa-zav73FX6,0,3,projekt-warszawa-zav73FX6
2025-10-25_nNpxlbKs_OdjU5n0U,2025-10-25,grottazzolina-nNpxlbKs,verona-OdjU5n0U,0,3,verona-OdjU5n0U
2025-10-25_C2yq100p_p6Uf7OoP,2025-10-25,voreas-hokkaido-C2yq100p,jtekt-p6Uf7OoP,3,1,voreas-hokkaido-C2yq100p
2025-10-25_WE61m6AE_pCto2hNE,2025-10-25,bursa-WE61m6AE,gebze-pCto2hNE,0,3,gebze-pCto2hNE
2025-10-25_hb1Yps0L_WGABxZRf,2025-10-25,plessis-robinson-hb1Yps0L,tours-WGABxZRf,1,3,tours-WGABxZRf
2025-10-25_Qu1Ot9Fo_vgw8MODe,2025-10-25,friedrichshafen-Qu1Ot9Fo,herrsching-vgw8MODe,3,0,friedrichshafen-Qu1Ot9Fo
2025-10-25_nLjMYaqj_jJjkNZW4,2025-10-25,lindemans-aalst-nLjMYaqj,brabo-antwerp-jJjkNZW4,3,0,lindemans-aalst-nLjMYaqj
2025-10-25_nLrfnIpa_4nBz5M3U,2025-10-25,galatasaray-nLrfnIpa,altekma-4nBz5M3U,3,1,galatasaray-nLrfnIpa
2025-10-25_63ZVqQDr_fuJ9F075,2025-10-25,alanya-bld-63ZVqQDr,halkbank-fuJ9F075,2,3,halkbank-fuJ9F075
2025-10-25_6katO8rK_KloOcygm,2025-10-25,istanbul-gsk-6katO8rK,gaziantep-genclik-KloOcygm,3,1,istanbul-gsk-6katO8rK
2025-10-25_lY4LB6zN_SO3PAQkT,2025-10-25,osaka-bluteon-lY4LB6zN,suntory-sunbirds-SO3PAQkT,1,3,suntory-sunbirds-SO3PAQkT
2025-10-25_jTKINSpR_ny1bf4Dj,2025-10-25,nagoya-jTKINSpR,jt-thunders-ny1bf4Dj,2,3,jt-thunders-ny1bf4Dj
2025-10-25_WMOb4cbO_fwN0pTnE,2025-10-25,ciudad-buenos-aires-WMOb4cbO,san-lorenzo-de-almagro-fwN0pTnE,2,3,san-lorenzo-de-almagro-fwN0pTnE
2025-10-25_SxTPvMt0_G06DuLNr,2025-10-25,ajaccio-SxTPvMt0,chaumont-G06DuLNr,3,0,ajaccio-SxTPvMt0
2025-10-25_UqTvfVSl_CGJh1Hah,2025-10-25,cizre-bld-UqTvfVSl,istanbul-bb-CGJh1Hah,1,3,istanbul-bb-CGJh1Hah
2025-10-26_hESei7a0_tOgUx7xD,2025-10-26,haasrode-leuven-hESei7a0,guibertin-tOgUx7xD,3,1,haasrode-leuven-hESei7a0
2025-10-26_6upmQkon_vgreOTFb,2025-10-26,modena-6upmQkon,monza-vgreOTFb,3,0,modena-6upmQkon
2025-10-26_EJS1lfOD_hxtqRVVu,2025-10-26,safety-perugia-EJS1lfOD,lube-civitanova-hxtqRVVu,3,2,safety-perugia-EJS1lfOD
2025-10-26_C2yq100p_p6Uf7OoP,2025-10-26,voreas-hokkaido-C2yq100p,jtekt-p6Uf7OoP,0,3,jtekt-p6Uf7OoP
2025-10-26_CffxNRaH_Kfbd7lGB,2025-10-26,trentino-CffxNRaH,padova-Kfbd7lGB,3,0,trentino-CffxNRaH
2025-10-26_21Os7cYs_Ao2IPdfQ,2025-10-26,rzeszow-21Os7cYs,trefl-gdansk-Ao2IPdfQ,3,2,rzeszow-21Os7cYs
2025-10-26_p4s7hUbp_4WaSuTUi,2025-10-26,tsv-giesen-grizzlys-p4s7hUbp,haching-munchen-4WaSuTUi,3,0,tsv-giesen-grizzlys-p4s7hUbp
2025-10-26_Um4hyFKf_K4CJzoda,2025-10-26,chks-chelm-Um4hyFKf,cuprum-gorzow-K4CJzoda,3,2,chks-chelm-Um4hyFKf
2025-10-26_2wzWMRN4_f3mgP9Ou,2025-10-26,yaroslavl-2wzWMRN4,belgorod-f3mgP9Ou,0,3,belgorod-f3mgP9Ou
2025-10-26_jTKINSpR_ny1bf4Dj,2025-10-26,nagoya-jTKINSpR,jt-thunders-ny1bf4Dj,3,0,nagoya-jTKINSpR
2025-10-26_KCDVlA71_A7seqaBP,2025-10-26,cuneo-volley-KCDVlA71,cisterna-A7seqaBP,3,0,cuneo-volley-KCDVlA71
2025-10-26_ba4VIY16_K85RJEn0,2025-10-26,din-moscow-ba4VIY16,novyi-urengoy-K85RJEn0,3,1,din-moscow-ba4VIY16
2025-10-26_tOoNOmgh_OSDwWRtI,2025-10-26,novosibirsk-tOoNOmgh,mgtu-moscow-OSDwWRtI,3,0,novosibirsk-tOoNOmgh
2025-10-26_lWD9RIPD_2kggPBWE,2025-10-26,jastrzebski-lWD9RIPD,slepsk-suwalki-2kggPBWE,3,0,jastrzebski-lWD9RIPD
2025-10-26_hC0jKP7N_S0nUsKBh,2025-10-26,nova-novokuybyshevsk-hC0jKP7N,zenit-st-petersburg-S0nUsKBh,1,3,zenit-st-petersburg-S0nUsKBh
2025-10-26_xYzM4rBF_IVLyj26M,2025-10-26,booischot-xYzM4rBF,roeselare-IVLyj26M,0,3,roeselare-IVLyj26M
2025-10-26_IXfYN7pB_2qsyTQW9,2025-10-26,piacenza-IXfYN7pB,milano-2qsyTQW9,3,1,piacenza-IXfYN7pB
2025-10-26_YgncOTwn_KEpRN78b,2025-10-26,ufa-YgncOTwn,surgut-region-KEpRN78b,0,3,surgut-region-KEpRN78b
2025-10-26_p298ASFI_0pxnGFZT,2025-10-26,suzano-volei-p298ASFI,guarulhos-0pxnGFZT,1,3,guarulhos-0pxnGFZT
2025-10-27_nibTuLpg_j7MxHCWI,2025-10-27,enisey-krasnoyarsk-nibTuLpg,zenit-kazan-j7MxHCWI,1,3,zenit-kazan-j7MxHCWI
2025-10-27_bw6M1XcM_80aPt1Vn,2025-10-27,gorky-n-novgorod-bw6M1XcM,neftjanik-orenburg-80aPt1Vn,1,3,neftjanik-orenburg-80aPt1Vn
2025-10-27_fsTxZQzt_jgKi0Llj,2025-10-27,jf-volei-fsTxZQzt,monte-carmelo-jgKi0Llj,3,2,jf-volei-fsTxZQzt
2025-10-27_byQlmwTe_lSPIzHQL,2025-10-27,minas-tenis-clube-byQlmwTe,joinville-lSPIzHQL,0,3,joinville-lSPIzHQL
2025-10-27_UBvJOjmK_xfxfdEus,2025-10-27,praia-clube-UBvJOjmK,sao-jose-dos-campos-xfxfdEus,3,0,praia-clube-UBvJOjmK
2025-10-28_4nBz5M3U_WE61m6AE,2025-10-28,altekma-4nBz5M3U,bursa-WE61m6AE,3,2,altekma-4nBz5M3U
2025-10-28_n5HM8Usr_UqTvfVSl,2025-10-28,akkus-bld-n5HM8Usr,cizre-bld-UqTvfVSl,3,1,akkus-bld-n5HM8Usr
2025-10-28_dhVmA0z9_dxBuFAus,2025-10-28,sada-cruzeiro-dhVmA0z9,sesi-sp-dxBuFAus,2,3,sesi-sp-dxBuFAus
2025-10-28_G06DuLNr_OhtH6NSF,2025-10-28,chaumont-G06DuLNr,sete-OhtH6NSF,0,3,sete-OhtH6NSF
2025-10-28_WGABxZRf_dhmqo2yp,2025-10-28,tours-WGABxZRf,narbonne-dhmqo2yp,3,0,tours-WGABxZRf
2025-10-28_CGJh1Hah_6katO8rK,2025-10-28,istanbul-bb-CGJh1Hah,istanbul-gsk-6katO8rK,0,3,istanbul-gsk-6katO8rK
2025-10-28_fq1HkrTS_lhL6wFCl,2025-10-28,montpellier-fq1HkrTS,tourcoing-lhL6wFCl,3,0,montpellier-fq1HkrTS
2025-10-28_fuJ9F075_nLrfnIpa,2025-10-28,halkbank-fuJ9F075,galatasaray-nLrfnIpa,3,0,halkbank-fuJ9F075
2025-10-28_jm1YCctT_EuwcJPKB,2025-10-28,barkom-jm1YCctT,norwid-czestochowa-EuwcJPKB,3,2,barkom-jm1YCctT
2025-10-28_0bgyv7a4_p4s7hUbp,2025-10-28,netzhoppers-0bgyv7a4,tsv-giesen-grizzlys-p4s7hUbp,0,3,tsv-giesen-grizzlys-p4s7hUbp
2025-10-28_QqMi2DVn_8d2aS61N,2025-10-28,volei-renata-QqMi2DVn,goias-8d2aS61N,1,3,goias-8d2aS61N
2025-10-28_ING9tghN_O2FjXreG,2025-10-28,mitteldeutschland-ING9tghN,freiburg-O2FjXreG,2,3,freiburg-O2FjXreG
2025-10-28_pCto2hNE_j7Id0yFb,2025-10-28,gebze-pCto2hNE,ziraat-bankasi-j7Id0yFb,1,3,ziraat-bankasi-j7Id0yFb
2025-10-28_KloOcygm_63ZVqQDr,2025-10-28,gaziantep-genclik-KloOcygm,alanya-bld-63ZVqQDr,3,2,gaziantep-genclik-KloOcygm
2025-10-29_nekXvmpb_OWUbRW4I,2025-10-29,scc-berlin-nekXvmpb,warnemunde-OWUbRW4I,3,0,scc-berlin-nekXvmpb
2025-10-29_K4CJzoda_SMCDQxuK,2025-10-29,cuprum-gorzow-K4CJzoda,belchatow-SMCDQxuK,0,3,belchatow-SMCDQxuK
2025-10-29_4WaSuTUi_8pWgkzcP,2025-10-29,haching-munchen-4WaSuTUi,luneburg-8pWgkzcP,0,3,luneburg-8pWgkzcP
2025-10-29_hxtqRVVu_CffxNRaH,2025-10-29,lube-civitanova-hxtqRVVu,trentino-CffxNRaH,3,1,lube-civitanova-hxtqRVVu
2025-10-29_hESei7a0_0xhxfTGD,2025-10-29,haasrode-leuven-hESei7a0,waremme-0xhxfTGD,3,0,haasrode-leuven-hESei7a0
2025-10-29_2mFkvMLS_nLjMYaqj,2025-10-29,maaseik-2mFkvMLS,lindemans-aalst-nLjMYaqj,0,3,lindemans-aalst-nLjMYaqj
2025-10-29_EJS1lfOD_Kfbd7lGB,2025-10-29,safety-perugia-EJS1lfOD,padova-Kfbd7lGB,3,0,safety-perugia-EJS1lfOD
2025-10-29_IVLyj26M_6qoPxMTP,2025-10-29,roeselare-IVLyj26M,achel-6qoPxMTP,3,0,roeselare-IVLyj26M
2025-10-29_vgreOTFb_KCDVlA71,2025-10-29,monza-vgreOTFb,cuneo-volley-KCDVlA71,3,1,monza-vgreOTFb
2025-10-29_Qu1Ot9Fo_fLhuwREA,2025-10-29,friedrichshafen-Qu1Ot9Fo,duren-fLhuwREA,1,3,duren-fLhuwREA
2025-10-29_A7seqaBP_nNpxlbKs,2025-10-29,cisterna-A7seqaBP,grottazzolina-nNpxlbKs,3,2,cisterna-A7seqaBP
2025-10-29_IgKl2cpn_xKjcGtha,2025-10-29,fenerbahce-IgKl2cpn,spor-toto-xKjcGtha,3,0,fenerbahce-IgKl2cpn
2025-10-29_n7gpLG2s_WhuLLKZT,2025-10-29,kedzierzyn-kozle-n7gpLG2s,zawiercie-WhuLLKZT,1,3,zawiercie-WhuLLKZT
2025-10-29_CWJyenai_p4s7hUbp,2025-10-29,vco-berlin-CWJyenai,tsv-giesen-grizzlys-p4s7hUbp,0,3,tsv-giesen-grizzlys-p4s7hUbp
2025-10-29_IXfYN7pB_6upmQkon,2025-10-29,piacenza-IXfYN7pB,modena-6upmQkon,1,3,modena-6upmQkon
2025-10-30_OdjU5n0U_2qsyTQW9,2025-10-30,verona-OdjU5n0U,milano-2qsyTQW9,3,0,verona-OdjU5n0U
2025-10-30_K85RJEn0_nibTuLpg,2025-10-30,novyi-urengoy-K85RJEn0,enisey-krasnoyarsk-nibTuLpg,3,0,novyi-urengoy-K85RJEn0
2025-10-30_2wzWMRN4_j7MxHCWI,2025-10-30,yaroslavl-2wzWMRN4,zenit-kazan-j7MxHCWI,0,3,zenit-kazan-j7MxHCWI
2025-10-30_WGABxZRf_WEyEpt6d,2025-10-30,tours-WGABxZRf,poitiers-WEyEpt6d,3,2,tours-WGABxZRf
2025-10-31_2kggPBWE_Ao2IPdfQ,2025-10-31,slepsk-suwalki-2kggPBWE,trefl-gdansk-Ao2IPdfQ,0,3,trefl-gdansk-Ao2IPdfQ
2025-11-01_YgncOTwn_f3mgP9Ou,2025-11-01,ufa-YgncOTwn,belgorod-f3mgP9Ou,0,3,belgorod-f3mgP9Ou
2025-11-01_8pWgkzcP_0bgyv7a4,2025-11-01,luneburg-8pWgkzcP,netzhoppers-0bgyv7a4,3,1,luneburg-8pWgkzcP
2025-11-01_lWD9RIPD_zav73FX6,2025-11-01,jastrzebski-lWD9RIPD,projekt-warszawa-zav73FX6,0,3,projekt-warszawa-zav73FX6
2025-11-01_21Os7cYs_K4CJzoda,2025-11-01,rzeszow-21Os7cYs,cuprum-gorzow-K4CJzoda,3,0,rzeszow-21Os7cYs
2025-11-01_WhuLLKZT_EuwcJPKB,2025-11-01,zawiercie-WhuLLKZT,norwid-czestochowa-EuwcJPKB,3,0,zawiercie-WhuLLKZT
2025-11-01_O2FjXreG_4WaSuTUi,2025-11-01,freiburg-O2FjXreG,haching-munchen-4WaSuTUi,3,2,freiburg-O2FjXreG
2025-11-01_p2MjmR0c_jTKINSpR,2025-11-01,vc-nagano-p2MjmR0c,nagoya-jTKINSpR,0,3,nagoya-jTKINSpR
2025-11-01_pp1TByGo_hESei7a0,2025-11-01,gent-pp1TByGo,haasrode-leuven-hESei7a0,1,3,haasrode-leuven-hESei7a0
2025-11-01_lSPIzHQL_p298ASFI,2025-11-01,joinville-lSPIzHQL,suzano-volei-p298ASFI,1,3,suzano-volei-p298ASFI
2025-11-01_jJjkNZW4_IVLyj26M,2025-11-01,brabo-antwerp-jJjkNZW4,roeselare-IVLyj26M,0,3,roeselare-IVLyj26M
2025-11-01_p4s7hUbp_nekXvmpb,2025-11-01,tsv-giesen-grizzlys-p4s7hUbp,scc-berlin-nekXvmpb,0,3,scc-berlin-nekXvmpb
2025-11-01_lY4LB6zN_C2yq100p,2025-11-01,osaka-bluteon-lY4LB6zN,voreas-hokkaido-C2yq100p,3,0,osaka-bluteon-lY4LB6zN
2025-11-01_K85RJEn0_bw6M1XcM,2025-11-01,novyi-urengoy-K85RJEn0,gorky-n-novgorod-bw6M1XcM,3,0,novyi-urengoy-K85RJEn0
2025-11-01_hb1Yps0L_fq1HkrTS,2025-11-01,plessis-robinson-hb1Yps0L,montpellier-fq1HkrTS,3,2,plessis-robinson-hb1Yps0L
2025-11-01_KCDVlA71_IXfYN7pB,2025-11-01,cuneo-volley-KCDVlA71,piacenza-IXfYN7pB,2,3,piacenza-IXfYN7pB
2025-11-01_G06DuLNr_K66Eh4bG,2025-11-01,chaumont-G06DuLNr,cannes-K66Eh4bG,1,3,cannes-K66Eh4bG
2025-11-01_nLjMYaqj_6qoPxMTP,2025-11-01,lindemans-aalst-nLjMYaqj,achel-6qoPxMTP,2,3,achel-6qoPxMTP
2025-11-01_OSDwWRtI_MB7pnxoH,2025-11-01,mgtu-moscow-OSDwWRtI,dinamo-lo-MB7pnxoH,1,3,dinamo-lo-MB7pnxoH
2025-11-01_xfxfdEus_QqMi2DVn,2025-11-01,sao-jose-dos-campos-xfxfdEus,volei-renata-QqMi2DVn,1,3,volei-renata-QqMi2DVn
2025-11-01_OhtH6NSF_lhL6wFCl,2025-11-01,sete-OhtH6NSF,tourcoing-lhL6wFCl,1,3,tourcoing-lhL6wFCl
2025-11-01_SO3PAQkT_IaHhI75c,2025-11-01,suntory-sunbirds-SO3PAQkT,tokyo-great-bears-IaHhI75c,3,2,suntory-sunbirds-SO3PAQkT
2025-11-01_tOoNOmgh_KEpRN78b,2025-11-01,novosibirsk-tOoNOmgh,surgut-region-KEpRN78b,3,0,novosibirsk-tOoNOmgh
2025-11-02_ba4VIY16_S0nUsKBh,2025-11-02,din-moscow-ba4VIY16,zenit-st-petersburg-S0nUsKBh,1,3,zenit-st-petersburg-S0nUsKBh
2025-11-02_jgKi0Llj_dhVmA0z9,2025-11-02,monte-carmelo-jgKi0Llj,sada-cruzeiro-dhVmA0z9,0,3,sada-cruzeiro-dhVmA0z9
2025-11-02_Kfbd7lGB_nNpxlbKs,2025-11-02,padova-Kfbd7lGB,grottazzolina-nNpxlbKs,3,1,padova-Kfbd7lGB
2025-11-02_2qsyTQW9_vgreOTFb,2025-11-02,milano-2qsyTQW9,monza-vgreOTFb,3,1,milano-2qsyTQW9
2025-11-02_8d2aS61N_fsTxZQzt,2025-11-02,goias-8d2aS61N,jf-volei-fsTxZQzt,3,1,goias-8d2aS61N
2025-11-02_OWUbRW4I_Qu1Ot9Fo,2025-11-02,warnemunde-OWUbRW4I,friedrichshafen-Qu1Ot9Fo,1,3,friedrichshafen-Qu1Ot9Fo
2025-11-02_O2FjXreG_CWJyenai,2025-11-02,freiburg-O2FjXreG,vco-berlin-CWJyenai,3,1,freiburg-O2FjXreG
2025-11-02_p2MjmR0c_jTKINSpR,2025-11-02,vc-nagano-p2MjmR0c,nagoya-jTKINSpR,2,3,nagoya-jTKINSpR
2025-11-02_lY4LB6zN_C2yq100p,2025-11-02,osaka-bluteon-lY4LB6zN,voreas-hokkaido-C2yq100p,3,0,osaka-bluteon-lY4LB6zN
2025-11-02_p6Uf7OoP_xjw5DS5A,2025-11-02,jtekt-p6Uf7OoP,toray-arrows-xjw5DS5A,3,1,jtekt-p6Uf7OoP
2025-11-02_xKjcGtha_n5HM8Usr,2025-11-02,spor-toto-xKjcGtha,akkus-bld-n5HM8Usr,3,2,spor-toto-xKjcGtha
2025-11-02_Um4hyFKf_Kv7iGxys,2025-11-02,chks-chelm-Um4hyFKf,lublin-Kv7iGxys,0,3,lublin-Kv7iGxys
2025-11-02_hxtqRVVu_A7seqaBP,2025-11-02,lube-civitanova-hxtqRVVu,cisterna-A7seqaBP,3,1,lube-civitanova-hxtqRVVu
2025-11-02_fLhuwREA_vgw8MODe,2025-11-02,duren-fLhuwREA,herrsching-vgw8MODe,3,0,duren-fLhuwREA
2025-11-02_6upmQkon_EJS1lfOD,2025-11-02,modena-6upmQkon,safety-perugia-EJS1lfOD,1,3,safety-perugia-EJS1lfOD
2025-11-02_OdjU5n0U_CffxNRaH,2025-11-02,verona-OdjU5n0U,trentino-CffxNRaH,3,1,verona-OdjU5n0U
2025-11-02_SO3PAQkT_IaHhI75c,2025-11-02,suntory-sunbirds-SO3PAQkT,tokyo-great-bears-IaHhI75c,3,0,suntory-sunbirds-SO3PAQkT
2025-11-02_80aPt1Vn_nibTuLpg,2025-11-02,neftjanik-orenburg-80aPt1Vn,enisey-krasnoyarsk-nibTuLpg,1,3,enisey-krasnoyarsk-nibTuLpg
2025-11-02_hbFonVBi_hC0jKP7N,2025-11-02,kemerovo-hbFonVBi,nova-novokuybyshevsk-hC0jKP7N,1,3,nova-novokuybyshevsk-hC0jKP7N
2025-11-03_jm1YCctT_pAof6Hml,2025-11-03,barkom-jm1YCctT,olsztyn-pAof6Hml,1,3,olsztyn-pAof6Hml
2025-11-03_p6Uf7OoP_xjw5DS5A,2025-11-03,jtekt-p6Uf7OoP,toray-arrows-xjw5DS5A,3,2,jtekt-p6Uf7OoP
2025-11-03_SMCDQxuK_n7gpLG2s,2025-11-03,belchatow-SMCDQxuK,kedzierzyn-kozle-n7gpLG2s,3,2,belchatow-SMCDQxuK
2025-11-03_0pxnGFZT_UBvJOjmK,2025-11-03,guarulhos-0pxnGFZT,praia-clube-UBvJOjmK,2,3,praia-clube-UBvJOjmK
2025-11-04_K4CJzoda_WhuLLKZT,2025-11-04,cuprum-gorzow-K4CJzoda,zawiercie-WhuLLKZT,0,3,zawiercie-WhuLLKZT
2025-11-04_8pWgkzcP_Qu1Ot9Fo,2025-11-04,luneburg-8pWgkzcP,friedrichshafen-Qu1Ot9Fo,3,0,luneburg-8pWgkzcP
2025-11-05_OWUbRW4I_fLhuwREA,2025-11-05,warnemunde-OWUbRW4I,duren-fLhuwREA,0,3,duren-fLhuwREA
2025-11-05_UBvJOjmK_fsTxZQzt,2025-11-05,praia-clube-UBvJOjmK,jf-volei-fsTxZQzt,3,0,praia-clube-UBvJOjmK
2025-11-05_nLjMYaqj_IVLyj26M,2025-11-05,lindemans-aalst-nLjMYaqj,roeselare-IVLyj26M,2,3,roeselare-IVLyj26M
2025-11-05_2mFkvMLS_hESei7a0,2025-11-05,maaseik-2mFkvMLS,haasrode-leuven-hESei7a0,3,1,maaseik-2mFkvMLS
2025-11-05_6qoPxMTP_n1fQwmN6,2025-11-05,achel-6qoPxMTP,menen-n1fQwmN6,2,3,menen-n1fQwmN6
2025-11-05_Kv7iGxys_lWD9RIPD,2025-11-05,lublin-Kv7iGxys,jastrzebski-lWD9RIPD,3,1,lublin-Kv7iGxys
2025-11-05_vgw8MODe_tAfYiVn1,2025-11-05,herrsching-vgw8MODe,ludwigsburg-tAfYiVn1,1,3,ludwigsburg-tAfYiVn1
2025-11-04_hOxAoMjj_6qbfvecr,2025-11-04,paris-hOxAoMjj,toulouse-6qbfvecr,3,1,paris-hOxAoMjj
2025-11-04_O6ac1n9H_QHGgYVPI,2025-11-04,dinamo-bucuresti-O6ac1n9H,ach-volley-ljubljana-QHGgYVPI,3,1,dinamo-bucuresti-O6ac1n9H
2025-11-04_fBH6DOzl_dYSKZXu0,2025-11-04,budvanska-rivijera-fBH6DOzl,ok-maribor-dYSKZXu0,3,2,budvanska-rivijera-fBH6DOzl
2025-11-04_AwS2lscL_4GBklWR2,2025-11-04,mok-mursa-osijek-AwS2lscL,levski-sofia-4GBklWR2,2,3,levski-sofia-4GBklWR2
2025-11-05_OOG1zQff_0xhxfTGD,2025-11-05,sint-gillis-waas-OOG1zQff,waremme-0xhxfTGD,0,3,waremme-0xhxfTGD
2025-11-05_dfQqb0kJ_dYSKZXu0,2025-11-05,podgorica-dfQqb0kJ,ok-maribor-dYSKZXu0,3,0,podgorica-dfQqb0kJ
2025-11-06_Crdl5TM1_fcTcxt2D,2025-11-06,ceske-budejovice-Crdl5TM1,beskydy-fcTcxt2D,3,0,ceske-budejovice-Crdl5TM1
2025-11-06_Ua2c3KU1_dt8ys2nr,2025-11-06,usti-Ua2c3KU1,karlovarsko-dt8ys2nr,1,3,karlovarsko-dt8ys2nr
2025-11-06_lQ8hRNM8_zN4lS372,2025-11-06,vk-lvi-prague-lQ8hRNM8,benatky-zN4lS372,3,0,vk-lvi-prague-lQ8hRNM8
2025-11-06_zav73FX6_21Os7cYs,2025-11-06,projekt-warszawa-zav73FX6,rzeszow-21Os7cYs,0,3,rzeszow-21Os7cYs
2025-11-06_xdHW77yF_dYSKZXu0,2025-11-06,mav-elore-sc-xdHW77yF,ok-maribor-dYSKZXu0,3,1,mav-elore-sc-xdHW77yF
2025-11-06_bLGPsNgP_W8QN2ml3,2025-11-06,tucuman-de-gimnasia-bLGPsNgP,velez-sarsfield-W8QN2ml3,3,0,tucuman-de-gimnasia-bLGPsNgP
2025-11-06_WbhEPYZa_Ik0y41qq,2025-11-06,river-plate-WbhEPYZa,upcn-voley-club-Ik0y41qq,1,3,upcn-voley-club-Ik0y41qq
2025-11-06_j7MxHCWI_YgncOTwn,2025-11-06,zenit-kazan-j7MxHCWI,ufa-YgncOTwn,3,0,zenit-kazan-j7MxHCWI
2025-11-06_OSDwWRtI_hC0jKP7N,2025-11-06,mgtu-moscow-OSDwWRtI,nova-novokuybyshevsk-hC0jKP7N,1,3,nova-novokuybyshevsk-hC0jKP7N
2025-11-06_lhL6wFCl_6qbfvecr,2025-11-06,tourcoing-lhL6wFCl,toulouse-6qbfvecr,3,0,tourcoing-lhL6wFCl
2025-11-06_p84AgERs_AcdnrwnO,2025-11-06,olympiakos-p84AgERs,guaguas-las-palmas-AcdnrwnO,1,3,guaguas-las-palmas-AcdnrwnO
2025-11-06_pAof6Hml_Ao2IPdfQ,2025-11-06,olsztyn-pAof6Hml,trefl-gdansk-Ao2IPdfQ,3,1,olsztyn-pAof6Hml
2025-11-06_AamoCaeE_QNcK5khk,2025-11-06,liberec-AamoCaeE,kladno-QNcK5khk,2,3,kladno-QNcK5khk
2025-11-07_MB7pnxoH_tOoNOmgh,2025-11-07,dinamo-lo-MB7pnxoH,novosibirsk-tOoNOmgh,0,3,novosibirsk-tOoNOmgh
2025-11-07_2wzWMRN4_80aPt1Vn,2025-11-07,yaroslavl-2wzWMRN4,neftjanik-orenburg-80aPt1Vn,1,3,neftjanik-orenburg-80aPt1Vn
2025-11-07_dhVmA0z9_lSPIzHQL,2025-11-07,sada-cruzeiro-dhVmA0z9,joinville-lSPIzHQL,3,1,sada-cruzeiro-dhVmA0z9
2025-11-07_tWH7PMzF_WMOb4cbO,2025-11-07,boca-juniors-tWH7PMzF,ciudad-buenos-aires-WMOb4cbO,0,3,ciudad-buenos-aires-WMOb4cbO
2025-11-07_2PiJkt1T_tWH7PMzF,2025-11-07,monteros-2PiJkt1T,boca-juniors-tWH7PMzF,0,3,boca-juniors-tWH7PMzF
2025-11-07_WbhEPYZa_fwN0pTnE,2025-11-07,river-plate-WbhEPYZa,san-lorenzo-de-almagro-fwN0pTnE,3,2,river-plate-WbhEPYZa
2025-11-07_WEyEpt6d_hb1Yps0L,2025-11-07,poitiers-WEyEpt6d,plessis-robinson-hb1Yps0L,3,1,poitiers-WEyEpt6d
2025-11-07_O4MYx0BC_OhtH6NSF,2025-11-07,nice-O4MYx0BC,sete-OhtH6NSF,1,3,sete-OhtH6NSF
2025-11-07_fq1HkrTS_WGABxZRf,2025-11-07,montpellier-fq1HkrTS,tours-WGABxZRf,3,0,montpellier-fq1HkrTS
2025-11-07_IaHhI75c_p2MjmR0c,2025-11-07,tokyo-great-bears-IaHhI75c,vc-nagano-p2MjmR0c,3,2,tokyo-great-bears-IaHhI75c
2025-11-08_jTKINSpR_SO3PAQkT,2025-11-08,nagoya-jTKINSpR,suntory-sunbirds-SO3PAQkT,1,3,suntory-sunbirds-SO3PAQkT
2025-11-08_dIKtyvtP_dnTIepBG,2025-11-08,haok-mladost-dIKtyvtP,mok-dinamo-zagreb-dnTIepBG,3,1,haok-mladost-dIKtyvtP
2025-11-08_d0FeiWQ6_pKEFygs1,2025-11-08,panathinaikos-d0FeiWQ6,foinikas-syroy-pKEFygs1,3,0,panathinaikos-d0FeiWQ6
2025-11-08_ny1bf4Dj_p6Uf7OoP,2025-11-08,jt-thunders-ny1bf4Dj,jtekt-p6Uf7OoP,3,1,jt-thunders-ny1bf4Dj
2025-11-08_vP40jjtD_vsEJzDd7,2025-11-08,paok-vP40jjtD,aons-milon-vsEJzDd7,0,3,aons-milon-vsEJzDd7
2025-11-08_IaHhI75c_p2MjmR0c,2025-11-08,tokyo-great-bears-IaHhI75c,vc-nagano-p2MjmR0c,3,0,tokyo-great-bears-IaHhI75c
2025-11-08_QNcK5khk_8WrL1m7J,2025-11-08,kladno-QNcK5khk,odolena-voda-8WrL1m7J,3,1,kladno-QNcK5khk
2025-11-08_dt8ys2nr_lQ8hRNM8,2025-11-08,karlovarsko-dt8ys2nr,vk-lvi-prague-lQ8hRNM8,3,0,karlovarsko-dt8ys2nr
2025-11-08_SCoBbwqq_4rlrKbzF,2025-11-08,academica-de-espinho-SCoBbwqq,vitoria-guimaraes-4rlrKbzF,3,1,academica-de-espinho-SCoBbwqq
2025-11-08_K264yfBm_QHGgYVPI,2025-11-08,triglav-kranj-K264yfBm,ach-volley-ljubljana-QHGgYVPI,0,3,ach-volley-ljubljana-QHGgYVPI
2025-11-08_2cmfnQzs_vJ6U0DU9,2025-11-08,sporting-cp-2cmfnQzs,santo-tirso-vJ6U0DU9,3,0,sporting-cp-2cmfnQzs
2025-11-08_0biVCGSl_0QqJdHDe,2025-11-08,sporting-de-espinho-0biVCGSl,benfica-0QqJdHDe,0,3,benfica-0QqJdHDe
2025-11-08_xhKcXkuP_bR3c7mlj,2025-11-08,alpacem-kanal-xhKcXkuP,fuzinar-bR3c7mlj,3,1,alpacem-kanal-xhKcXkuP
2025-11-08_ETv6cNZn_WfHkZBAC,2025-11-08,panvita-pomgrad-ETv6cNZn,calcit-kamnik-WfHkZBAC,1,3,calcit-kamnik-WfHkZBAC
2025-11-08_EP58zEQg_dYSKZXu0,2025-11-08,krka-EP58zEQg,ok-maribor-dYSKZXu0,1,3,ok-maribor-dYSKZXu0
2025-11-08_KCDVlA71_CffxNRaH,2025-11-08,cuneo-volley-KCDVlA71,trentino-CffxNRaH,1,3,trentino-CffxNRaH
2025-11-08_6qoPxMTP_0xhxfTGD,2025-11-08,achel-6qoPxMTP,waremme-0xhxfTGD,0,3,waremme-0xhxfTGD
2025-11-08_vgreOTFb_A7seqaBP,2025-11-08,monza-vgreOTFb,cisterna-A7seqaBP,2,3,cisterna-A7seqaBP
2025-11-08_n7gpLG2s_lWD9RIPD,2025-11-08,kedzierzyn-kozle-n7gpLG2s,jastrzebski-lWD9RIPD,3,0,kedzierzyn-kozle-n7gpLG2s
2025-11-08_WhuLLKZT_Um4hyFKf,2025-11-08,zawiercie-WhuLLKZT,chks-chelm-Um4hyFKf,3,0,zawiercie-WhuLLKZT
2025-11-08_KEpRN78b_f3mgP9Ou,2025-11-08,surgut-region-KEpRN78b,belgorod-f3mgP9Ou,0,3,belgorod-f3mgP9Ou
2025-11-08_bw6M1XcM_S0nUsKBh,2025-11-08,gorky-n-novgorod-bw6M1XcM,zenit-st-petersburg-S0nUsKBh,1,3,zenit-st-petersburg-S0nUsKBh
2025-11-08_nibTuLpg_K85RJEn0,2025-11-08,enisey-krasnoyarsk-nibTuLpg,novyi-urengoy-K85RJEn0,3,1,enisey-krasnoyarsk-nibTuLpg
2025-11-08_QqMi2DVn_0pxnGFZT,2025-11-08,volei-renata-QqMi2DVn,guarulhos-0pxnGFZT,3,1,volei-renata-QqMi2DVn
2025-11-08_WMOb4cbO_W8QN2ml3,2025-11-08,ciudad-buenos-aires-WMOb4cbO,velez-sarsfield-W8QN2ml3,3,0,ciudad-buenos-aires-WMOb4cbO
2025-11-08_fwN0pTnE_tWH7PMzF,2025-11-08,san-lorenzo-de-almagro-fwN0pTnE,boca-juniors-tWH7PMzF,1,3,boca-juniors-tWH7PMzF
2025-11-08_Ik0y41qq_bLGPsNgP,2025-11-08,upcn-voley-club-Ik0y41qq,tucuman-de-gimnasia-bLGPsNgP,3,1,upcn-voley-club-Ik0y41qq
2025-11-08_2X47U2bO_WbhEPYZa,2025-11-08,banfield-2X47U2bO,river-plate-WbhEPYZa,1,3,river-plate-WbhEPYZa
2025-11-08_vgw8MODe_fLhuwREA,2025-11-08,herrsching-vgw8MODe,duren-fLhuwREA,0,3,duren-fLhuwREA
2025-11-08_UHrGyQzA_p4s7hUbp,2025-11-08,neustrelitz-UHrGyQzA,tsv-giesen-grizzlys-p4s7hUbp,0,3,tsv-giesen-grizzlys-p4s7hUbp
2025-11-08_h2H7m1CR_x8EXtuzk,2025-11-08,centrometal-h2H7m1CR,mladost-ribola-kastela-x8EXtuzk,1,3,mladost-ribola-kastela-x8EXtuzk
2025-11-08_6FMIfxIE_G06DuLNr,2025-11-08,st-nazaire-6FMIfxIE,chaumont-G06DuLNr,3,2,st-nazaire-6FMIfxIE
2025-11-08_IVLyj26M_nLjMYaqj,2025-11-08,roeselare-IVLyj26M,lindemans-aalst-nLjMYaqj,3,1,roeselare-IVLyj26M
2025-11-08_xjw5DS5A_lY4LB6zN,2025-11-08,toray-arrows-xjw5DS5A,osaka-bluteon-lY4LB6zN,0,3,osaka-bluteon-lY4LB6zN
2025-11-08_INkEKK52_OM0kh4Ou,2025-11-08,leixoes-sc-INkEKK52,madalena-OM0kh4Ou,3,2,leixoes-sc-INkEKK52
2025-11-08_OITYl3S8_AwS2lscL,2025-11-08,varazdin-OITYl3S8,mok-mursa-osijek-AwS2lscL,0,3,mok-mursa-osijek-AwS2lscL
2025-11-09_hESei7a0_n1fQwmN6,2025-11-09,haasrode-leuven-hESei7a0,menen-n1fQwmN6,1,3,menen-n1fQwmN6
2025-11-09_hxtqRVVu_OdjU5n0U,2025-11-09,lube-civitanova-hxtqRVVu,verona-OdjU5n0U,3,0,lube-civitanova-hxtqRVVu
2025-11-09_IXfYN7pB_EJS1lfOD,2025-11-09,piacenza-IXfYN7pB,safety-perugia-EJS1lfOD,2,3,safety-perugia-EJS1lfOD
2025-11-09_6upmQkon_Kfbd7lGB,2025-11-09,modena-6upmQkon,padova-Kfbd7lGB,3,0,modena-6upmQkon
2025-11-09_WMOb4cbO_fwN0pTnE,2025-11-09,ciudad-buenos-aires-WMOb4cbO,san-lorenzo-de-almagro-fwN0pTnE,3,0,ciudad-buenos-aires-WMOb4cbO
2025-11-09_fsTxZQzt_xfxfdEus,2025-11-09,jf-volei-fsTxZQzt,sao-jose-dos-campos-xfxfdEus,0,3,sao-jose-dos-campos-xfxfdEus
2025-11-09_UBvJOjmK_lSPIzHQL,2025-11-09,praia-clube-UBvJOjmK,joinville-lSPIzHQL,3,1,praia-clube-UBvJOjmK
2025-11-09_EuwcJPKB_2kggPBWE,2025-11-09,norwid-czestochowa-EuwcJPKB,slepsk-suwalki-2kggPBWE,3,2,norwid-czestochowa-EuwcJPKB
2025-11-09_nibTuLpg_K85RJEn0,2025-11-09,enisey-krasnoyarsk-nibTuLpg,novyi-urengoy-K85RJEn0,3,2,enisey-krasnoyarsk-nibTuLpg
2025-11-09_dhVmA0z9_byQlmwTe,2025-11-09,sada-cruzeiro-dhVmA0z9,minas-tenis-clube-byQlmwTe,3,1,sada-cruzeiro-dhVmA0z9
2025-11-09_jTKINSpR_SO3PAQkT,2025-11-09,nagoya-jTKINSpR,suntory-sunbirds-SO3PAQkT,1,3,suntory-sunbirds-SO3PAQkT
2025-11-09_Qu1Ot9Fo_0bgyv7a4,2025-11-09,friedrichshafen-Qu1Ot9Fo,netzhoppers-0bgyv7a4,3,0,friedrichshafen-Qu1Ot9Fo
2025-11-09_Y18ys6Rq_2PiJkt1T,2025-11-09,waiwen-Y18ys6Rq,monteros-2PiJkt1T,1,3,monteros-2PiJkt1T
2025-11-08_2mFkvMLS_jJjkNZW4,2025-11-08,maaseik-2mFkvMLS,brabo-antwerp-jJjkNZW4,3,0,maaseik-2mFkvMLS
2025-11-08_A5EKdrHb_nekXvmpb,2025-11-08,herrsching-A5EKdrHb,scc-berlin-nekXvmpb,0,3,scc-berlin-nekXvmpb
2025-11-08_AamoCaeE_Crdl5TM1,2025-11-08,liberec-AamoCaeE,ceske-budejovice-Crdl5TM1,2,3,ceske-budejovice-Crdl5TM1
2025-11-08_jgKi0Llj_8d2aS61N,2025-11-08,monte-carmelo-jgKi0Llj,goias-8d2aS61N,3,2,monte-carmelo-jgKi0Llj
2025-11-09_Kv7iGxys_SMCDQxuK,2025-11-09,lublin-Kv7iGxys,belchatow-SMCDQxuK,1,3,belchatow-SMCDQxuK
2025-11-09_QcxiIx5R_WATxDxSt,2025-11-09,castelo-maia-gc-QcxiIx5R,clube-k-WATxDxSt,3,1,castelo-maia-gc-QcxiIx5R
2025-11-09_Gt32HqU2_8pWgkzcP,2025-11-09,karlsruhe-Gt32HqU2,luneburg-8pWgkzcP,0,3,luneburg-8pWgkzcP
2025-11-09_ny1bf4Dj_p6Uf7OoP,2025-11-09,jt-thunders-ny1bf4Dj,jtekt-p6Uf7OoP,1,3,jtekt-p6Uf7OoP
2025-11-09_xSEDTE5g_O2FjXreG,2025-11-09,essen-xSEDTE5g,freiburg-O2FjXreG,2,3,freiburg-O2FjXreG
2025-11-09_xjw5DS5A_lY4LB6zN,2025-11-09,toray-arrows-xjw5DS5A,osaka-bluteon-lY4LB6zN,0,3,osaka-bluteon-lY4LB6zN
2025-11-10_2PiJkt1T_bLGPsNgP,2025-11-10,monteros-2PiJkt1T,tucuman-de-gimnasia-bLGPsNgP,0,3,tucuman-de-gimnasia-bLGPsNgP
2025-11-10_ba4VIY16_hbFonVBi,2025-11-10,din-moscow-ba4VIY16,kemerovo-hbFonVBi,3,1,din-moscow-ba4VIY16
2025-11-10_dxBuFAus_p298ASFI,2025-11-10,sesi-sp-dxBuFAus,suzano-volei-p298ASFI,1,3,suzano-volei-p298ASFI
2025-11-11_Ao2IPdfQ_K4CJzoda,2025-11-11,trefl-gdansk-Ao2IPdfQ,cuprum-gorzow-K4CJzoda,3,2,trefl-gdansk-Ao2IPdfQ
2025-11-11_WGABxZRf_lhL6wFCl,2025-11-11,tours-WGABxZRf,tourcoing-lhL6wFCl,3,2,tours-WGABxZRf
2025-11-11_jm1YCctT_zav73FX6,2025-11-11,barkom-jm1YCctT,projekt-warszawa-zav73FX6,3,0,barkom-jm1YCctT
2025-11-11_CWJyenai_8pWgkzcP,2025-11-11,vco-berlin-CWJyenai,luneburg-8pWgkzcP,0,3,luneburg-8pWgkzcP
2025-11-12_OSDwWRtI_ba4VIY16,2025-11-12,mgtu-moscow-OSDwWRtI,din-moscow-ba4VIY16,0,3,din-moscow-ba4VIY16
2025-11-12_pKEFygs1_rye49eZt,2025-11-12,foinikas-syroy-pKEFygs1,nordenskov-uif-rye49eZt,3,0,foinikas-syroy-pKEFygs1
2025-11-12_2mFkvMLS_OfkhJ7gb,2025-11-12,maaseik-2mFkvMLS,craiova-OfkhJ7gb,3,1,maaseik-2mFkvMLS
2025-11-12_nekXvmpb_8pWgkzcP,2025-11-12,scc-berlin-nekXvmpb,luneburg-8pWgkzcP,0,3,luneburg-8pWgkzcP
2025-11-12_0bgyv7a4_O2FjXreG,2025-11-12,netzhoppers-0bgyv7a4,freiburg-O2FjXreG,3,1,netzhoppers-0bgyv7a4
2025-11-12_MB7pnxoH_hC0jKP7N,2025-11-12,dinamo-lo-MB7pnxoH,nova-novokuybyshevsk-hC0jKP7N,3,2,dinamo-lo-MB7pnxoH
2025-11-12_4GBklWR2_AwS2lscL,2025-11-12,levski-sofia-4GBklWR2,mok-mursa-osijek-AwS2lscL,3,0,levski-sofia-4GBklWR2
2025-11-12_dYSKZXu0_dfQqb0kJ,2025-11-12,ok-maribor-dYSKZXu0,podgorica-dfQqb0kJ,3,0,ok-maribor-dYSKZXu0
2025-11-12_nibTuLpg_S0nUsKBh,2025-11-12,enisey-krasnoyarsk-nibTuLpg,zenit-st-petersburg-S0nUsKBh,3,2,enisey-krasnoyarsk-nibTuLpg
2025-11-12_80aPt1Vn_YgncOTwn,2025-11-12,neftjanik-orenburg-80aPt1Vn,ufa-YgncOTwn,3,0,neftjanik-orenburg-80aPt1Vn
2025-11-12_tOoNOmgh_f3mgP9Ou,2025-11-12,novosibirsk-tOoNOmgh,belgorod-f3mgP9Ou,3,0,novosibirsk-tOoNOmgh
2025-11-12_AcdnrwnO_p84AgERs,2025-11-12,guaguas-las-palmas-AcdnrwnO,olympiakos-p84AgERs,3,0,guaguas-las-palmas-AcdnrwnO
2025-11-12_2kggPBWE_pAof6Hml,2025-11-12,slepsk-suwalki-2kggPBWE,olsztyn-pAof6Hml,0,3,olsztyn-pAof6Hml
2025-11-12_WhuLLKZT_Kv7iGxys,2025-11-12,zawiercie-WhuLLKZT,lublin-Kv7iGxys,3,2,zawiercie-WhuLLKZT
2025-11-12_K85RJEn0_2wzWMRN4,2025-11-12,novyi-urengoy-K85RJEn0,yaroslavl-2wzWMRN4,3,0,novyi-urengoy-K85RJEn0
2025-11-13_QHGgYVPI_O6ac1n9H,2025-11-13,ach-volley-ljubljana-QHGgYVPI,dinamo-bucuresti-O6ac1n9H,3,1,ach-volley-ljubljana-QHGgYVPI
2025-11-13_IaHhI75c_jTKINSpR,2025-11-13,tokyo-great-bears-IaHhI75c,nagoya-jTKINSpR,0,3,nagoya-jTKINSpR
2025-11-13_6qbfvecr_fq1HkrTS,2025-11-13,toulouse-6qbfvecr,montpellier-fq1HkrTS,2,3,montpellier-fq1HkrTS
2025-11-13_EJS1lfOD_KCDVlA71,2025-11-13,safety-perugia-EJS1lfOD,cuneo-volley-KCDVlA71,3,0,safety-perugia-EJS1lfOD
2025-11-13_p4s7hUbp_xdHW77yF,2025-11-13,tsv-giesen-grizzlys-p4s7hUbp,mav-elore-sc-xdHW77yF,3,2,tsv-giesen-grizzlys-p4s7hUbp
2025-11-13_xfxfdEus_jgKi0Llj,2025-11-13,sao-jose-dos-campos-xfxfdEus,monte-carmelo-jgKi0Llj,2,3,monte-carmelo-jgKi0Llj
2025-11-13_dhVmA0z9_QqMi2DVn,2025-11-13,sada-cruzeiro-dhVmA0z9,volei-renata-QqMi2DVn,2,3,volei-renata-QqMi2DVn
2025-11-13_hbFonVBi_bw6M1XcM,2025-11-13,kemerovo-hbFonVBi,gorky-n-novgorod-bw6M1XcM,1,3,gorky-n-novgorod-bw6M1XcM
2025-11-13_KEpRN78b_j7MxHCWI,2025-11-13,surgut-region-KEpRN78b,zenit-kazan-j7MxHCWI,0,3,zenit-kazan-j7MxHCWI
2025-11-12_x8EXtuzk_Qc6DYNgQ,2025-11-12,mladost-ribola-kastela-x8EXtuzk,crvena-zvezda-Qc6DYNgQ,2,3,crvena-zvezda-Qc6DYNgQ
2025-11-12_2qthufQB_dIKtyvtP,2025-11-12,manacor-2qthufQB,haok-mladost-dIKtyvtP,2,3,haok-mladost-dIKtyvtP
2025-11-12_Crdl5TM1_jajFI3Ws,2025-11-12,ceske-budejovice-Crdl5TM1,vc-strumica-jajFI3Ws,3,0,ceske-budejovice-Crdl5TM1
2025-11-12_h2H7m1CR_0QqJdHDe,2025-11-12,centrometal-h2H7m1CR,benfica-0QqJdHDe,0,3,benfica-0QqJdHDe
2025-11-13_dfQqb0kJ_dYSKZXu0,2025-11-13,podgorica-dfQqb0kJ,ok-maribor-dYSKZXu0,0,3,ok-maribor-dYSKZXu0
2025-11-14_WGABxZRf_hOxAoMjj,2025-11-14,tours-WGABxZRf,paris-hOxAoMjj,3,1,tours-WGABxZRf
2025-11-14_OWUbRW4I_vgw8MODe,2025-11-14,warnemunde-OWUbRW4I,herrsching-vgw8MODe,0,3,herrsching-vgw8MODe
2025-11-14_vsEJzDd7_OKMYx0en,2025-11-14,aons-milon-vsEJzDd7,panionios-OKMYx0en,3,1,aons-milon-vsEJzDd7
2025-11-14_IaHhI75c_jTKINSpR,2025-11-14,tokyo-great-bears-IaHhI75c,nagoya-jTKINSpR,0,3,nagoya-jTKINSpR
2025-11-15_p6Uf7OoP_lY4LB6zN,2025-11-15,jtekt-p6Uf7OoP,osaka-bluteon-lY4LB6zN,1,3,osaka-bluteon-lY4LB6zN
2025-11-15_QHGgYVPI_EP58zEQg,2025-11-15,ach-volley-ljubljana-QHGgYVPI,krka-EP58zEQg,3,0,ach-volley-ljubljana-QHGgYVPI
2025-11-15_WfHkZBAC_xhKcXkuP,2025-11-15,calcit-kamnik-WfHkZBAC,alpacem-kanal-xhKcXkuP,0,3,alpacem-kanal-xhKcXkuP
2025-11-15_0QqJdHDe_SCoBbwqq,2025-11-15,benfica-0QqJdHDe,academica-de-espinho-SCoBbwqq,3,0,benfica-0QqJdHDe
2025-11-15_4rlrKbzF_INkEKK52,2025-11-15,vitoria-guimaraes-4rlrKbzF,leixoes-sc-INkEKK52,1,3,leixoes-sc-INkEKK52
2025-11-15_SO3PAQkT_fB5HCnLG,2025-11-15,suntory-sunbirds-SO3PAQkT,osaka-sakai-fB5HCnLG,3,0,suntory-sunbirds-SO3PAQkT
2025-11-15_2mFkvMLS_IVLyj26M,2025-11-15,maaseik-2mFkvMLS,roeselare-IVLyj26M,3,1,maaseik-2mFkvMLS
2025-11-15_G06DuLNr_O4MYx0BC,2025-11-15,chaumont-G06DuLNr,nice-O4MYx0BC,3,1,chaumont-G06DuLNr
2025-11-15_n1fQwmN6_6qoPxMTP,2025-11-15,menen-n1fQwmN6,achel-6qoPxMTP,3,0,menen-n1fQwmN6
2025-11-15_Kfbd7lGB_2qsyTQW9,2025-11-15,padova-Kfbd7lGB,milano-2qsyTQW9,2,3,milano-2qsyTQW9
2025-11-15_WhuLLKZT_lWD9RIPD,2025-11-15,zawiercie-WhuLLKZT,jastrzebski-lWD9RIPD,2,3,jastrzebski-lWD9RIPD
2025-11-15_n7gpLG2s_jm1YCctT,2025-11-15,kedzierzyn-kozle-n7gpLG2s,barkom-jm1YCctT,3,2,kedzierzyn-kozle-n7gpLG2s
2025-11-15_EuwcJPKB_pAof6Hml,2025-11-15,norwid-czestochowa-EuwcJPKB,olsztyn-pAof6Hml,0,3,olsztyn-pAof6Hml
2025-11-15_tOoNOmgh_hC0jKP7N,2025-11-15,novosibirsk-tOoNOmgh,nova-novokuybyshevsk-hC0jKP7N,3,0,novosibirsk-tOoNOmgh
2025-11-15_8d2aS61N_dhVmA0z9,2025-11-15,goias-8d2aS61N,sada-cruzeiro-dhVmA0z9,1,3,sada-cruzeiro-dhVmA0z9
2025-11-15_O2FjXreG_nekXvmpb,2025-11-15,freiburg-O2FjXreG,scc-berlin-nekXvmpb,0,3,scc-berlin-nekXvmpb
2025-11-15_6FMIfxIE_lhL6wFCl,2025-11-15,st-nazaire-6FMIfxIE,tourcoing-lhL6wFCl,1,3,tourcoing-lhL6wFCl
2025-11-15_OhtH6NSF_WEyEpt6d,2025-11-15,sete-OhtH6NSF,poitiers-WEyEpt6d,0,3,poitiers-WEyEpt6d
2025-11-15_pKEFygs1_IsSMr354,2025-11-15,foinikas-syroy-pKEFygs1,flisvos-IsSMr354,3,0,foinikas-syroy-pKEFygs1
2025-11-15_pp1TByGo_nLjMYaqj,2025-11-15,gent-pp1TByGo,lindemans-aalst-nLjMYaqj,1,3,lindemans-aalst-nLjMYaqj
2025-11-15_Crdl5TM1_QNcK5khk,2025-11-15,ceske-budejovice-Crdl5TM1,kladno-QNcK5khk,3,0,ceske-budejovice-Crdl5TM1
2025-11-16_p4s7hUbp_fLhuwREA,2025-11-16,tsv-giesen-grizzlys-p4s7hUbp,duren-fLhuwREA,3,2,tsv-giesen-grizzlys-p4s7hUbp
2025-11-16_INbKIAg9_p84AgERs,2025-11-16,ao-kalamata-INbKIAg9,olympiakos-p84AgERs,3,2,ao-kalamata-INbKIAg9
2025-11-16_SWgFhYtl_d0FeiWQ6,2025-11-16,kifisia-SWgFhYtl,panathinaikos-d0FeiWQ6,1,3,panathinaikos-d0FeiWQ6
2025-11-16_2cmfnQzs_QcxiIx5R,2025-11-16,sporting-cp-2cmfnQzs,castelo-maia-gc-QcxiIx5R,3,0,sporting-cp-2cmfnQzs
2025-11-16_tOgUx7xD_hESei7a0,2025-11-16,guibertin-tOgUx7xD,haasrode-leuven-hESei7a0,0,3,haasrode-leuven-hESei7a0
2025-11-16_dYSKZXu0_ETv6cNZn,2025-11-16,ok-maribor-dYSKZXu0,panvita-pomgrad-ETv6cNZn,3,0,ok-maribor-dYSKZXu0
2025-11-16_p6Uf7OoP_lY4LB6zN,2025-11-16,jtekt-p6Uf7OoP,osaka-bluteon-lY4LB6zN,2,3,osaka-bluteon-lY4LB6zN
2025-11-16_SO3PAQkT_fB5HCnLG,2025-11-16,suntory-sunbirds-SO3PAQkT,osaka-sakai-fB5HCnLG,3,1,suntory-sunbirds-SO3PAQkT
2025-11-16_lQ8hRNM8_4MnkBJAK,2025-11-16,vk-lvi-prague-lQ8hRNM8,brno-4MnkBJAK,3,0,vk-lvi-prague-lQ8hRNM8
2025-11-16_CffxNRaH_vgreOTFb,2025-11-16,trentino-CffxNRaH,monza-vgreOTFb,3,0,trentino-CffxNRaH
2025-11-16_0pxnGFZT_fsTxZQzt,2025-11-16,guarulhos-0pxnGFZT,jf-volei-fsTxZQzt,3,0,guarulhos-0pxnGFZT
2025-11-16_f3mgP9Ou_j7MxHCWI,2025-11-16,belgorod-f3mgP9Ou,zenit-kazan-j7MxHCWI,2,3,zenit-kazan-j7MxHCWI
2025-11-16_zav73FX6_Ao2IPdfQ,2025-11-16,projekt-warszawa-zav73FX6,trefl-gdansk-Ao2IPdfQ,3,0,projekt-warszawa-zav73FX6
2025-11-16_Um4hyFKf_SMCDQxuK,2025-11-16,chks-chelm-Um4hyFKf,belchatow-SMCDQxuK,0,3,belchatow-SMCDQxuK
2025-11-16_Kv7iGxys_21Os7cYs,2025-11-16,lublin-Kv7iGxys,rzeszow-21Os7cYs,2,3,rzeszow-21Os7cYs
2025-11-16_ba4VIY16_MB7pnxoH,2025-11-16,din-moscow-ba4VIY16,dinamo-lo-MB7pnxoH,3,0,din-moscow-ba4VIY16
2025-11-16_A7seqaBP_6upmQkon,2025-11-16,cisterna-A7seqaBP,modena-6upmQkon,3,2,cisterna-A7seqaBP
2025-11-16_IXfYN7pB_hxtqRVVu,2025-11-16,piacenza-IXfYN7pB,lube-civitanova-hxtqRVVu,3,0,piacenza-IXfYN7pB
2025-11-16_nNpxlbKs_KCDVlA71,2025-11-16,grottazzolina-nNpxlbKs,cuneo-volley-KCDVlA71,0,3,cuneo-volley-KCDVlA71
2025-11-16_EJS1lfOD_OdjU5n0U,2025-11-16,safety-perugia-EJS1lfOD,verona-OdjU5n0U,2,3,verona-OdjU5n0U
2025-11-16_2wzWMRN4_S0nUsKBh,2025-11-16,yaroslavl-2wzWMRN4,zenit-st-petersburg-S0nUsKBh,0,3,zenit-st-petersburg-S0nUsKBh
2025-11-16_YgncOTwn_K85RJEn0,2025-11-16,ufa-YgncOTwn,novyi-urengoy-K85RJEn0,3,1,ufa-YgncOTwn
2025-11-16_lSPIzHQL_QqMi2DVn,2025-11-16,joinville-lSPIzHQL,volei-renata-QqMi2DVn,1,3,volei-renata-QqMi2DVn
2025-11-16_nLrfnIpa_KloOcygm,2025-11-16,galatasaray-nLrfnIpa,gaziantep-genclik-KloOcygm,3,2,galatasaray-nLrfnIpa
2025-11-16_6katO8rK_n5HM8Usr,2025-11-16,istanbul-gsk-6katO8rK,akkus-bld-n5HM8Usr,3,1,istanbul-gsk-6katO8rK
2025-11-16_UqTvfVSl_IgKl2cpn,2025-11-16,cizre-bld-UqTvfVSl,fenerbahce-IgKl2cpn,0,3,fenerbahce-IgKl2cpn
2025-11-16_WE61m6AE_j7Id0yFb,2025-11-16,bursa-WE61m6AE,ziraat-bankasi-j7Id0yFb,1,3,ziraat-bankasi-j7Id0yFb
2025-11-16_63ZVqQDr_CGJh1Hah,2025-11-16,alanya-bld-63ZVqQDr,istanbul-bb-CGJh1Hah,1,3,istanbul-bb-CGJh1Hah
2025-11-16_4nBz5M3U_fuJ9F075,2025-11-16,altekma-4nBz5M3U,halkbank-fuJ9F075,2,3,halkbank-fuJ9F075
2025-11-16_xKjcGtha_pCto2hNE,2025-11-16,spor-toto-xKjcGtha,gebze-pCto2hNE,3,2,spor-toto-xKjcGtha
2025-11-16_nibTuLpg_hbFonVBi,2025-11-16,enisey-krasnoyarsk-nibTuLpg,kemerovo-hbFonVBi,3,0,enisey-krasnoyarsk-nibTuLpg
2025-11-17_KEpRN78b_80aPt1Vn,2025-11-17,surgut-region-KEpRN78b,neftjanik-orenburg-80aPt1Vn,3,1,surgut-region-KEpRN78b
2025-11-17_K4CJzoda_2kggPBWE,2025-11-17,cuprum-gorzow-K4CJzoda,slepsk-suwalki-2kggPBWE,2,3,slepsk-suwalki-2kggPBWE
2025-11-17_byQlmwTe_p298ASFI,2025-11-17,minas-tenis-clube-byQlmwTe,suzano-volei-p298ASFI,3,2,minas-tenis-clube-byQlmwTe
2025-11-17_bw6M1XcM_OSDwWRtI,2025-11-17,gorky-n-novgorod-bw6M1XcM,mgtu-moscow-OSDwWRtI,3,2,gorky-n-novgorod-bw6M1XcM
2025-11-17_dxBuFAus_UBvJOjmK,2025-11-17,sesi-sp-dxBuFAus,praia-clube-UBvJOjmK,2,3,praia-clube-UBvJOjmK
2025-11-17_WKH8o7LM_vP40jjtD,2025-11-17,ofi-WKH8o7LM,paok-vP40jjtD,2,3,paok-vP40jjtD
2025-11-18_pAof6Hml_WhuLLKZT,2025-11-18,olsztyn-pAof6Hml,zawiercie-WhuLLKZT,2,3,zawiercie-WhuLLKZT
2025-11-18_Um4hyFKf_EuwcJPKB,2025-11-18,chks-chelm-Um4hyFKf,norwid-czestochowa-EuwcJPKB,3,1,chks-chelm-Um4hyFKf
2025-11-18_xdHW77yF_p4s7hUbp,2025-11-18,mav-elore-sc-xdHW77yF,tsv-giesen-grizzlys-p4s7hUbp,3,1,mav-elore-sc-xdHW77yF
2025-11-19_rye49eZt_pKEFygs1,2025-11-19,nordenskov-uif-rye49eZt,foinikas-syroy-pKEFygs1,2,3,foinikas-syroy-pKEFygs1
2025-11-19_CWJyenai_nekXvmpb,2025-11-19,vco-berlin-CWJyenai,scc-berlin-nekXvmpb,0,3,scc-berlin-nekXvmpb
2025-11-19_OfkhJ7gb_2mFkvMLS,2025-11-19,craiova-OfkhJ7gb,maaseik-2mFkvMLS,3,2,craiova-OfkhJ7gb
2025-11-19_jiUIc2wQ_GUMl8pkQ,2025-11-19,sanatgaran-omid-jiUIc2wQ,shahrdari-urmia-GUMl8pkQ,0,3,shahrdari-urmia-GUMl8pkQ
2025-11-19_U5c8aIrG_2Vc0zLdC,2025-11-19,tabiat-eslamshahr-U5c8aIrG,razin-polymer-2Vc0zLdC,3,2,tabiat-eslamshahr-U5c8aIrG
2025-11-19_4vVpW8mC_8W4ixsSa,2025-11-19,shahdab-yazd-4vVpW8mC,esteghlal-gonbad-8W4ixsSa,3,0,shahdab-yazd-4vVpW8mC
2025-11-19_SjGBbxbM_AeiWZboJ,2025-11-19,chadormalu-SjGBbxbM,mehregan-noor-AeiWZboJ,1,3,mehregan-noor-AeiWZboJ
2025-11-19_URSyoJjb_p66fpscJ,2025-11-19,paykan-URSyoJjb,saipa-tehran-p66fpscJ,3,0,paykan-URSyoJjb
2025-11-19_jajFI3Ws_Crdl5TM1,2025-11-19,vc-strumica-jajFI3Ws,ceske-budejovice-Crdl5TM1,0,3,ceske-budejovice-Crdl5TM1
2025-11-19_0QqJdHDe_h2H7m1CR,2025-11-19,benfica-0QqJdHDe,centrometal-h2H7m1CR,3,0,benfica-0QqJdHDe
2025-11-19_UVC4zpPD_QHGgYVPI,2025-11-19,radnicki-UVC4zpPD,ach-volley-ljubljana-QHGgYVPI,0,3,ach-volley-ljubljana-QHGgYVPI
2025-11-19_Mgp4x5JA_h0TqDKAi,2025-11-19,sirjan-Mgp4x5JA,sepahan-h0TqDKAi,3,2,sirjan-Mgp4x5JA
2025-11-19_2qsyTQW9_nNpxlbKs,2025-11-19,milano-2qsyTQW9,grottazzolina-nNpxlbKs,3,0,milano-2qsyTQW9
2025-11-19_fuJ9F075_WE61m6AE,2025-11-19,halkbank-fuJ9F075,bursa-WE61m6AE,3,0,halkbank-fuJ9F075
2025-11-19_KloOcygm_4nBz5M3U,2025-11-19,gaziantep-genclik-KloOcygm,altekma-4nBz5M3U,1,3,altekma-4nBz5M3U
2025-11-19_lWD9RIPD_Kv7iGxys,2025-11-19,jastrzebski-lWD9RIPD,lublin-Kv7iGxys,1,3,lublin-Kv7iGxys
2025-11-19_21Os7cYs_n7gpLG2s,2025-11-19,rzeszow-21Os7cYs,kedzierzyn-kozle-n7gpLG2s,2,3,kedzierzyn-kozle-n7gpLG2s
2025-11-19_hC0jKP7N_ba4VIY16,2025-11-19,nova-novokuybyshevsk-hC0jKP7N,din-moscow-ba4VIY16,2,3,din-moscow-ba4VIY16
2025-11-19_j7Id0yFb_xKjcGtha,2025-11-19,ziraat-bankasi-j7Id0yFb,spor-toto-xKjcGtha,3,0,ziraat-bankasi-j7Id0yFb
2025-11-19_CGJh1Hah_nLrfnIpa,2025-11-19,istanbul-bb-CGJh1Hah,galatasaray-nLrfnIpa,1,3,galatasaray-nLrfnIpa
2025-11-19_n5HM8Usr_63ZVqQDr,2025-11-19,akkus-bld-n5HM8Usr,alanya-bld-63ZVqQDr,0,3,alanya-bld-63ZVqQDr
2025-11-19_IgKl2cpn_6katO8rK,2025-11-19,fenerbahce-IgKl2cpn,istanbul-gsk-6katO8rK,2,3,istanbul-gsk-6katO8rK
2025-11-19_dIKtyvtP_2qthufQB,2025-11-19,haok-mladost-dIKtyvtP,manacor-2qthufQB,3,1,haok-mladost-dIKtyvtP
2025-11-19_pCto2hNE_UqTvfVSl,2025-11-19,gebze-pCto2hNE,cizre-bld-UqTvfVSl,3,1,gebze-pCto2hNE
2025-11-19_M5rJEDHs_tdSt87W8,2025-11-19,al-wakra-M5rJEDHs,al-khor-tdSt87W8,2,3,al-khor-tdSt87W8
2025-11-20_hOxAoMjj_O4MYx0BC,2025-11-20,paris-hOxAoMjj,nice-O4MYx0BC,1,3,nice-O4MYx0BC
2025-11-20_2PiJkt1T_fwN0pTnE,2025-11-20,monteros-2PiJkt1T,san-lorenzo-de-almagro-fwN0pTnE,3,0,monteros-2PiJkt1T
2025-11-20_WMOb4cbO_2X47U2bO,2025-11-20,ciudad-buenos-aires-WMOb4cbO,banfield-2X47U2bO,3,1,ciudad-buenos-aires-WMOb4cbO
2025-11-20_8d2aS61N_xfxfdEus,2025-11-20,goias-8d2aS61N,sao-jose-dos-campos-xfxfdEus,3,1,goias-8d2aS61N
2025-11-20_Qc6DYNgQ_x8EXtuzk,2025-11-20,crvena-zvezda-Qc6DYNgQ,mladost-ribola-kastela-x8EXtuzk,3,0,crvena-zvezda-Qc6DYNgQ
2025-11-20_jgKi0Llj_0pxnGFZT,2025-11-20,monte-carmelo-jgKi0Llj,guarulhos-0pxnGFZT,2,3,guarulhos-0pxnGFZT
2025-11-21_S0nUsKBh_YgncOTwn,2025-11-21,zenit-st-petersburg-S0nUsKBh,ufa-YgncOTwn,3,0,zenit-st-petersburg-S0nUsKBh
2025-11-21_SMCDQxuK_EuwcJPKB,2025-11-21,belchatow-SMCDQxuK,norwid-czestochowa-EuwcJPKB,3,1,belchatow-SMCDQxuK
2025-11-21_80aPt1Vn_f3mgP9Ou,2025-11-21,neftjanik-orenburg-80aPt1Vn,belgorod-f3mgP9Ou,1,3,belgorod-f3mgP9Ou
2025-11-21_K85RJEn0_KEpRN78b,2025-11-21,novyi-urengoy-K85RJEn0,surgut-region-KEpRN78b,0,3,surgut-region-KEpRN78b
2025-11-21_lhL6wFCl_SxTPvMt0,2025-11-21,tourcoing-lhL6wFCl,ajaccio-SxTPvMt0,3,0,tourcoing-lhL6wFCl
2025-11-21_fLhuwREA_8pWgkzcP,2025-11-21,duren-fLhuwREA,luneburg-8pWgkzcP,3,0,duren-fLhuwREA
2025-11-21_bLGPsNgP_WbhEPYZa,2025-11-21,tucuman-de-gimnasia-bLGPsNgP,river-plate-WbhEPYZa,3,1,tucuman-de-gimnasia-bLGPsNgP
2025-11-21_Y18ys6Rq_fwN0pTnE,2025-11-21,waiwen-Y18ys6Rq,san-lorenzo-de-almagro-fwN0pTnE,3,1,waiwen-Y18ys6Rq
2025-11-21_W8QN2ml3_2PiJkt1T,2025-11-21,velez-sarsfield-W8QN2ml3,monteros-2PiJkt1T,0,3,monteros-2PiJkt1T
2025-11-21_UBvJOjmK_byQlmwTe,2025-11-21,praia-clube-UBvJOjmK,minas-tenis-clube-byQlmwTe,3,2,praia-clube-UBvJOjmK
2025-11-21_OSDwWRtI_nibTuLpg,2025-11-21,mgtu-moscow-OSDwWRtI,enisey-krasnoyarsk-nibTuLpg,0,3,enisey-krasnoyarsk-nibTuLpg
2025-11-22_nLjMYaqj_n1fQwmN6,2025-11-22,lindemans-aalst-nLjMYaqj,menen-n1fQwmN6,2,3,menen-n1fQwmN6
2025-11-22_p84AgERs_pKEFygs1,2025-11-22,olympiakos-p84AgERs,foinikas-syroy-pKEFygs1,3,0,olympiakos-p84AgERs
2025-11-22_fB5HCnLG_lY4LB6zN,2025-11-22,osaka-sakai-fB5HCnLG,osaka-bluteon-lY4LB6zN,0,3,osaka-bluteon-lY4LB6zN
2025-11-22_6qoPxMTP_jJjkNZW4,2025-11-22,achel-6qoPxMTP,brabo-antwerp-jJjkNZW4,3,1,achel-6qoPxMTP
2025-11-22_IVLyj26M_pp1TByGo,2025-11-22,roeselare-IVLyj26M,gent-pp1TByGo,3,0,roeselare-IVLyj26M
2025-11-22_d0FeiWQ6_vsEJzDd7,2025-11-22,panathinaikos-d0FeiWQ6,aons-milon-vsEJzDd7,1,3,aons-milon-vsEJzDd7
2025-11-22_dIKtyvtP_v5SwRaz2,2025-11-22,haok-mladost-dIKtyvtP,rijeka-v5SwRaz2,3,0,haok-mladost-dIKtyvtP
2025-11-22_hb1Yps0L_6qbfvecr,2025-11-22,plessis-robinson-hb1Yps0L,toulouse-6qbfvecr,3,1,plessis-robinson-hb1Yps0L
2025-11-22_WEyEpt6d_G06DuLNr,2025-11-22,poitiers-WEyEpt6d,chaumont-G06DuLNr,3,2,poitiers-WEyEpt6d
2025-11-22_vP40jjtD_INbKIAg9,2025-11-22,paok-vP40jjtD,ao-kalamata-INbKIAg9,3,0,paok-vP40jjtD
2025-11-22_Crdl5TM1_jZfh4mx8,2025-11-22,ceske-budejovice-Crdl5TM1,pribram-jZfh4mx8,3,0,ceske-budejovice-Crdl5TM1
2025-11-22_xjw5DS5A_jTKINSpR,2025-11-22,toray-arrows-xjw5DS5A,nagoya-jTKINSpR,1,3,nagoya-jTKINSpR
2025-11-22_QNcK5khk_zN4lS372,2025-11-22,kladno-QNcK5khk,benatky-zN4lS372,3,2,kladno-QNcK5khk
2025-11-22_dt8ys2nr_8WrL1m7J,2025-11-22,karlovarsko-dt8ys2nr,odolena-voda-8WrL1m7J,3,0,karlovarsko-dt8ys2nr
2025-11-22_rDogAwQQ_lQ8hRNM8,2025-11-22,zlin-rDogAwQQ,vk-lvi-prague-lQ8hRNM8,2,3,vk-lvi-prague-lQ8hRNM8
2025-11-22_QcxiIx5R_0biVCGSl,2025-11-22,castelo-maia-gc-QcxiIx5R,sporting-de-espinho-0biVCGSl,3,1,castelo-maia-gc-QcxiIx5R
2025-11-22_INkEKK52_0QqJdHDe,2025-11-22,leixoes-sc-INkEKK52,benfica-0QqJdHDe,0,3,benfica-0QqJdHDe
2025-11-22_SCoBbwqq_vJ6U0DU9,2025-11-22,academica-de-espinho-SCoBbwqq,santo-tirso-vJ6U0DU9,3,0,academica-de-espinho-SCoBbwqq
2025-11-22_C2yq100p_SO3PAQkT,2025-11-22,voreas-hokkaido-C2yq100p,suntory-sunbirds-SO3PAQkT,0,3,suntory-sunbirds-SO3PAQkT
2025-11-22_fsBzXKhU_2cmfnQzs,2025-11-22,mamede-fsBzXKhU,sporting-cp-2cmfnQzs,1,3,sporting-cp-2cmfnQzs
2025-11-22_WfHkZBAC_dYSKZXu0,2025-11-22,calcit-kamnik-WfHkZBAC,ok-maribor-dYSKZXu0,3,1,calcit-kamnik-WfHkZBAC
2025-11-22_xhKcXkuP_K264yfBm,2025-11-22,alpacem-kanal-xhKcXkuP,triglav-kranj-K264yfBm,3,1,alpacem-kanal-xhKcXkuP
2025-11-22_ETv6cNZn_QHGgYVPI,2025-11-22,panvita-pomgrad-ETv6cNZn,ach-volley-ljubljana-QHGgYVPI,0,3,ach-volley-ljubljana-QHGgYVPI
2025-11-22_ny1bf4Dj_IaHhI75c,2025-11-22,jt-thunders-ny1bf4Dj,tokyo-great-bears-IaHhI75c,2,3,tokyo-great-bears-IaHhI75c
2025-11-22_p2MjmR0c_p6Uf7OoP,2025-11-22,vc-nagano-p2MjmR0c,jtekt-p6Uf7OoP,1,3,jtekt-p6Uf7OoP
2025-11-22_A7seqaBP_2qsyTQW9,2025-11-22,cisterna-A7seqaBP,milano-2qsyTQW9,0,3,milano-2qsyTQW9
2025-11-22_lWD9RIPD_Um4hyFKf,2025-11-22,jastrzebski-lWD9RIPD,chks-chelm-Um4hyFKf,3,1,jastrzebski-lWD9RIPD
2025-11-22_21Os7cYs_WhuLLKZT,2025-11-22,rzeszow-21Os7cYs,zawiercie-WhuLLKZT,0,3,zawiercie-WhuLLKZT
2025-11-22_j7MxHCWI_tOoNOmgh,2025-11-22,zenit-kazan-j7MxHCWI,novosibirsk-tOoNOmgh,1,3,novosibirsk-tOoNOmgh
2025-11-22_hbFonVBi_2wzWMRN4,2025-11-22,kemerovo-hbFonVBi,yaroslavl-2wzWMRN4,3,1,kemerovo-hbFonVBi
2025-11-22_UqTvfVSl_j7Id0yFb,2025-11-22,cizre-bld-UqTvfVSl,ziraat-bankasi-j7Id0yFb,0,3,ziraat-bankasi-j7Id0yFb
2025-11-22_nLrfnIpa_n5HM8Usr,2025-11-22,galatasaray-nLrfnIpa,akkus-bld-n5HM8Usr,3,0,galatasaray-nLrfnIpa
2025-11-22_63ZVqQDr_IgKl2cpn,2025-11-22,alanya-bld-63ZVqQDr,fenerbahce-IgKl2cpn,0,3,fenerbahce-IgKl2cpn
2025-11-22_fuJ9F075_KloOcygm,2025-11-22,halkbank-fuJ9F075,gaziantep-genclik-KloOcygm,2,3,gaziantep-genclik-KloOcygm
2025-11-22_WE61m6AE_xKjcGtha,2025-11-22,bursa-WE61m6AE,spor-toto-xKjcGtha,2,3,spor-toto-xKjcGtha
2025-11-22_4nBz5M3U_CGJh1Hah,2025-11-22,altekma-4nBz5M3U,istanbul-bb-CGJh1Hah,3,2,altekma-4nBz5M3U
2025-11-22_dhmqo2yp_fq1HkrTS,2025-11-22,narbonne-dhmqo2yp,montpellier-fq1HkrTS,1,3,montpellier-fq1HkrTS
2025-11-22_Qu1Ot9Fo_O2FjXreG,2025-11-22,friedrichshafen-Qu1Ot9Fo,freiburg-O2FjXreG,3,0,friedrichshafen-Qu1Ot9Fo
2025-11-22_OWUbRW4I_p4s7hUbp,2025-11-22,warnemunde-OWUbRW4I,tsv-giesen-grizzlys-p4s7hUbp,1,3,tsv-giesen-grizzlys-p4s7hUbp
2025-11-22_vgw8MODe_ING9tghN,2025-11-22,herrsching-vgw8MODe,mitteldeutschland-ING9tghN,3,0,herrsching-vgw8MODe
2025-11-22_WbhEPYZa_Y18ys6Rq,2025-11-22,river-plate-WbhEPYZa,waiwen-Y18ys6Rq,3,2,river-plate-WbhEPYZa
2025-11-22_K66Eh4bG_WGABxZRf,2025-11-22,cannes-K66Eh4bG,tours-WGABxZRf,1,3,tours-WGABxZRf
2025-11-22_AwS2lscL_dnTIepBG,2025-11-22,mok-mursa-osijek-AwS2lscL,mok-dinamo-zagreb-dnTIepBG,3,0,mok-mursa-osijek-AwS2lscL
2025-11-22_fsTxZQzt_lSPIzHQL,2025-11-22,jf-volei-fsTxZQzt,joinville-lSPIzHQL,0,3,joinville-lSPIzHQL
2025-11-22_dhVmA0z9_p298ASFI,2025-11-22,sada-cruzeiro-dhVmA0z9,suzano-volei-p298ASFI,3,0,sada-cruzeiro-dhVmA0z9
2025-11-22_WMOb4cbO_Ik0y41qq,2025-11-22,ciudad-buenos-aires-WMOb4cbO,upcn-voley-club-Ik0y41qq,3,2,ciudad-buenos-aires-WMOb4cbO
2025-11-22_6katO8rK_pCto2hNE,2025-11-22,istanbul-gsk-6katO8rK,gebze-pCto2hNE,3,0,istanbul-gsk-6katO8rK
2025-11-23_ny1bf4Dj_IaHhI75c,2025-11-23,jt-thunders-ny1bf4Dj,tokyo-great-bears-IaHhI75c,1,3,tokyo-great-bears-IaHhI75c
2025-11-23_4vVpW8mC_AeiWZboJ,2025-11-23,shahdab-yazd-4vVpW8mC,mehregan-noor-AeiWZboJ,3,0,shahdab-yazd-4vVpW8mC
2025-11-23_p2MjmR0c_p6Uf7OoP,2025-11-23,vc-nagano-p2MjmR0c,jtekt-p6Uf7OoP,0,3,jtekt-p6Uf7OoP
2025-11-23_GSsNDXWm_M5rJEDHs,2025-11-23,al-ahli-GSsNDXWm,al-wakra-M5rJEDHs,0,3,al-wakra-M5rJEDHs
2025-11-23_x8EXtuzk_OITYl3S8,2025-11-23,mladost-ribola-kastela-x8EXtuzk,varazdin-OITYl3S8,3,0,mladost-ribola-kastela-x8EXtuzk
2025-11-23_xjw5DS5A_jTKINSpR,2025-11-23,toray-arrows-xjw5DS5A,nagoya-jTKINSpR,0,3,nagoya-jTKINSpR
2025-11-23_CffxNRaH_EJS1lfOD,2025-11-23,trentino-CffxNRaH,safety-perugia-EJS1lfOD,3,1,trentino-CffxNRaH
2025-11-23_fB5HCnLG_lY4LB6zN,2025-11-23,osaka-sakai-fB5HCnLG,osaka-bluteon-lY4LB6zN,1,3,osaka-bluteon-lY4LB6zN
2025-11-23_Kfbd7lGB_hxtqRVVu,2025-11-23,padova-Kfbd7lGB,lube-civitanova-hxtqRVVu,3,2,padova-Kfbd7lGB
2025-11-23_OdjU5n0U_vgreOTFb,2025-11-23,verona-OdjU5n0U,monza-vgreOTFb,3,0,verona-OdjU5n0U
2025-11-23_KCDVlA71_6upmQkon,2025-11-23,cuneo-volley-KCDVlA71,modena-6upmQkon,2,3,modena-6upmQkon
2025-11-23_nNpxlbKs_IXfYN7pB,2025-11-23,grottazzolina-nNpxlbKs,piacenza-IXfYN7pB,0,3,piacenza-IXfYN7pB
2025-11-23_zav73FX6_2kggPBWE,2025-11-23,projekt-warszawa-zav73FX6,slepsk-suwalki-2kggPBWE,3,2,projekt-warszawa-zav73FX6
2025-11-23_jm1YCctT_Kv7iGxys,2025-11-23,barkom-jm1YCctT,lublin-Kv7iGxys,1,3,lublin-Kv7iGxys
2025-11-23_pAof6Hml_K4CJzoda,2025-11-23,olsztyn-pAof6Hml,cuprum-gorzow-K4CJzoda,3,0,olsztyn-pAof6Hml
2025-11-23_C2yq100p_SO3PAQkT,2025-11-23,voreas-hokkaido-C2yq100p,suntory-sunbirds-SO3PAQkT,0,3,suntory-sunbirds-SO3PAQkT
2025-11-23_MB7pnxoH_bw6M1XcM,2025-11-23,dinamo-lo-MB7pnxoH,gorky-n-novgorod-bw6M1XcM,2,3,gorky-n-novgorod-bw6M1XcM
2025-11-23_QqMi2DVn_dxBuFAus,2025-11-23,volei-renata-QqMi2DVn,sesi-sp-dxBuFAus,3,0,volei-renata-QqMi2DVn
2025-11-23_UBvJOjmK_jgKi0Llj,2025-11-23,praia-clube-UBvJOjmK,monte-carmelo-jgKi0Llj,3,0,praia-clube-UBvJOjmK
2025-11-23_WbhEPYZa_WMOb4cbO,2025-11-23,river-plate-WbhEPYZa,ciudad-buenos-aires-WMOb4cbO,0,3,ciudad-buenos-aires-WMOb4cbO
2025-11-23_fwN0pTnE_W8QN2ml3,2025-11-23,san-lorenzo-de-almagro-fwN0pTnE,velez-sarsfield-W8QN2ml3,3,2,san-lorenzo-de-almagro-fwN0pTnE
2025-11-23_2X47U2bO_bLGPsNgP,2025-11-23,banfield-2X47U2bO,tucuman-de-gimnasia-bLGPsNgP,3,2,banfield-2X47U2bO
2025-11-23_nekXvmpb_YDMwzoBc,2025-11-23,scc-berlin-nekXvmpb,dachau-YDMwzoBc,3,0,scc-berlin-nekXvmpb
2025-11-23_Qu1Ot9Fo_CWJyenai,2025-11-23,friedrichshafen-Qu1Ot9Fo,vco-berlin-CWJyenai,3,0,friedrichshafen-Qu1Ot9Fo
2025-11-23_hESei7a0_2mFkvMLS,2025-11-23,haasrode-leuven-hESei7a0,maaseik-2mFkvMLS,3,2,haasrode-leuven-hESei7a0
2025-11-23_2PiJkt1T_Ik0y41qq,2025-11-23,monteros-2PiJkt1T,upcn-voley-club-Ik0y41qq,1,3,upcn-voley-club-Ik0y41qq
2025-11-24_bLGPsNgP_Y18ys6Rq,2025-11-24,tucuman-de-gimnasia-bLGPsNgP,waiwen-Y18ys6Rq,3,1,tucuman-de-gimnasia-bLGPsNgP
2025-11-24_Ao2IPdfQ_n7gpLG2s,2025-11-24,trefl-gdansk-Ao2IPdfQ,kedzierzyn-kozle-n7gpLG2s,3,2,trefl-gdansk-Ao2IPdfQ
2025-11-24_hb1Yps0L_O4MYx0BC,2025-11-24,plessis-robinson-hb1Yps0L,nice-O4MYx0BC,0,3,nice-O4MYx0BC
2025-11-25_WGABxZRf_lhL6wFCl,2025-11-25,tours-WGABxZRf,tourcoing-lhL6wFCl,3,0,tours-WGABxZRf
2025-11-25_SxTPvMt0_G06DuLNr,2025-11-25,ajaccio-SxTPvMt0,chaumont-G06DuLNr,0,3,chaumont-G06DuLNr
2025-11-25_6FMIfxIE_fq1HkrTS,2025-11-25,st-nazaire-6FMIfxIE,montpellier-fq1HkrTS,3,0,st-nazaire-6FMIfxIE
2025-11-25_AoB7qja3_bXMo7RoF,2025-11-25,al-rayyan-AoB7qja3,al-shamal-bXMo7RoF,3,2,al-rayyan-AoB7qja3
2025-11-25_SMCDQxuK_lWD9RIPD,2025-11-25,belchatow-SMCDQxuK,jastrzebski-lWD9RIPD,3,1,belchatow-SMCDQxuK
2025-11-25_OEWgB2FI_CzgbTYKj,2025-11-25,police-club-OEWgB2FI,al-sadd-CzgbTYKj,3,0,police-club-OEWgB2FI
2025-11-25_K66Eh4bG_WEyEpt6d,2025-11-25,cannes-K66Eh4bG,poitiers-WEyEpt6d,1,3,poitiers-WEyEpt6d
2025-11-25_ba4VIY16_tOoNOmgh,2025-11-25,din-moscow-ba4VIY16,novosibirsk-tOoNOmgh,3,1,din-moscow-ba4VIY16
2025-11-25_KEpRN78b_S0nUsKBh,2025-11-25,surgut-region-KEpRN78b,zenit-st-petersburg-S0nUsKBh,1,3,zenit-st-petersburg-S0nUsKBh
2025-11-25_K85RJEn0_f3mgP9Ou,2025-11-25,novyi-urengoy-K85RJEn0,belgorod-f3mgP9Ou,0,3,belgorod-f3mgP9Ou
2025-11-25_j7Id0yFb_6katO8rK,2025-11-25,ziraat-bankasi-j7Id0yFb,istanbul-gsk-6katO8rK,3,0,ziraat-bankasi-j7Id0yFb
2025-11-25_CGJh1Hah_fuJ9F075,2025-11-25,istanbul-bb-CGJh1Hah,halkbank-fuJ9F075,3,1,istanbul-bb-CGJh1Hah
2025-11-25_xKjcGtha_UqTvfVSl,2025-11-25,spor-toto-xKjcGtha,cizre-bld-UqTvfVSl,3,1,spor-toto-xKjcGtha
2025-11-25_n5HM8Usr_4nBz5M3U,2025-11-25,akkus-bld-n5HM8Usr,altekma-4nBz5M3U,0,3,altekma-4nBz5M3U
2025-11-25_WhuLLKZT_jm1YCctT,2025-11-25,zawiercie-WhuLLKZT,barkom-jm1YCctT,3,0,zawiercie-WhuLLKZT
2025-11-25_pCto2hNE_63ZVqQDr,2025-11-25,gebze-pCto2hNE,alanya-bld-63ZVqQDr,0,3,alanya-bld-63ZVqQDr
2025-11-25_KloOcygm_WE61m6AE,2025-11-25,gaziantep-genclik-KloOcygm,bursa-WE61m6AE,1,3,bursa-WE61m6AE
2025-11-25_0pxnGFZT_8d2aS61N,2025-11-25,guarulhos-0pxnGFZT,goias-8d2aS61N,3,2,guarulhos-0pxnGFZT
